team1,team2,season,toss_winner,toss_decision,winner,venue,result,result_margin,target_runs
Royal Challengers Bangalore,Kolkata Knight Riders,1,Royal Challengers Bangalore,field,Kolkata Knight Riders,M Chinnaswamy Stadium,runs,140.0,223.0
Kings XI Punjab,Chennai Super Kings,1,Chennai Super Kings,bat,Chennai Super Kings,"Punjab Cricket Association Stadium, Mohali",runs,33.0,241.0
Delhi Daredevils,Rajasthan Royals,1,Rajasthan Royals,bat,Delhi Daredevils,Feroz Shah Kotla,wickets,9.0,130.0
Mumbai Indians,Royal Challengers Bangalore,1,Mumbai Indians,bat,Royal Challengers Bangalore,Wankhede Stadium,wickets,5.0,166.0
Kolkata Knight Riders,Deccan Chargers,1,Deccan Chargers,bat,Kolkata Knight Riders,Eden Gardens,wickets,5.0,111.0
Rajasthan Royals,Kings XI Punjab,1,Kings XI Punjab,bat,Rajasthan Royals,Sawai Mansingh Stadium,wickets,6.0,167.0
Deccan Chargers,Delhi Daredevils,1,Deccan Chargers,bat,Delhi Daredevils,"Rajiv Gandhi International Stadium, Uppal",wickets,9.0,143.0
Chennai Super Kings,Mumbai Indians,1,Mumbai Indians,field,Chennai Super Kings,"MA Chidambaram Stadium, Chepauk",runs,6.0,209.0
Deccan Chargers,Rajasthan Royals,1,Rajasthan Royals,field,Rajasthan Royals,"Rajiv Gandhi International Stadium, Uppal",wickets,3.0,215.0
Kings XI Punjab,Mumbai Indians,1,Mumbai Indians,field,Kings XI Punjab,"Punjab Cricket Association Stadium, Mohali",runs,66.0,183.0
Chennai Super Kings,Kolkata Knight Riders,1,Kolkata Knight Riders,bat,Chennai Super Kings,"MA Chidambaram Stadium, Chepauk",wickets,7.0,136.0
Royal Challengers Bangalore,Rajasthan Royals,1,Rajasthan Royals,field,Rajasthan Royals,M Chinnaswamy Stadium,wickets,9.0,148.0
Mumbai Indians,Deccan Chargers,1,Deccan Chargers,field,Deccan Chargers,Dr DY Patil Sports Academy,wickets,10.0,155.0
Kings XI Punjab,Delhi Daredevils,1,Delhi Daredevils,bat,Kings XI Punjab,"Punjab Cricket Association Stadium, Mohali",wickets,4.0,159.0
Royal Challengers Bangalore,Chennai Super Kings,1,Chennai Super Kings,bat,Chennai Super Kings,M Chinnaswamy Stadium,runs,13.0,179.0
Kolkata Knight Riders,Mumbai Indians,1,Kolkata Knight Riders,bat,Mumbai Indians,Eden Gardens,wickets,7.0,138.0
Delhi Daredevils,Royal Challengers Bangalore,1,Royal Challengers Bangalore,field,Delhi Daredevils,Feroz Shah Kotla,runs,10.0,192.0
Rajasthan Royals,Kolkata Knight Riders,1,Rajasthan Royals,bat,Rajasthan Royals,Sawai Mansingh Stadium,wickets,7.0,165.0
Deccan Chargers,Kings XI Punjab,1,Kings XI Punjab,field,Kings XI Punjab,"Rajiv Gandhi International Stadium, Uppal",runs,45.0,197.0
Chennai Super Kings,Delhi Daredevils,1,Chennai Super Kings,bat,Delhi Daredevils,"MA Chidambaram Stadium, Chepauk",wickets,8.0,170.0
Royal Challengers Bangalore,Deccan Chargers,1,Deccan Chargers,field,Royal Challengers Bangalore,M Chinnaswamy Stadium,runs,9.0,179.0
Kings XI Punjab,Kolkata Knight Riders,1,Kings XI Punjab,bat,Kings XI Punjab,"Punjab Cricket Association Stadium, Mohali",runs,3.0,157.0
Rajasthan Royals,Chennai Super Kings,1,Chennai Super Kings,bat,Rajasthan Royals,Sawai Mansingh Stadium,runs,29.0,163.0
Mumbai Indians,Delhi Daredevils,1,Delhi Daredevils,field,Mumbai Indians,Dr DY Patil Sports Academy,wickets,8.0,110.0
Royal Challengers Bangalore,Kings XI Punjab,1,Kings XI Punjab,field,Kings XI Punjab,M Chinnaswamy Stadium,wickets,6.0,127.0
Chennai Super Kings,Deccan Chargers,1,Deccan Chargers,field,Deccan Chargers,"MA Chidambaram Stadium, Chepauk",wickets,7.0,145.0
Mumbai Indians,Rajasthan Royals,1,Mumbai Indians,field,Mumbai Indians,Dr DY Patil Sports Academy,wickets,7.0,104.0
Delhi Daredevils,Chennai Super Kings,1,Chennai Super Kings,field,Chennai Super Kings,Feroz Shah Kotla,wickets,4.0,188.0
Kolkata Knight Riders,Royal Challengers Bangalore,1,Kolkata Knight Riders,bat,Kolkata Knight Riders,Eden Gardens,runs,5.0,130.0
Rajasthan Royals,Deccan Chargers,1,Rajasthan Royals,field,Rajasthan Royals,Sawai Mansingh Stadium,wickets,8.0,141.0
Chennai Super Kings,Kings XI Punjab,1,Kings XI Punjab,field,Chennai Super Kings,"MA Chidambaram Stadium, Chepauk",runs,18.0,182.0
Rajasthan Royals,Delhi Daredevils,1,Rajasthan Royals,field,Rajasthan Royals,Sawai Mansingh Stadium,runs,23.0,205.0
Deccan Chargers,Kolkata Knight Riders,1,Kolkata Knight Riders,bat,Kolkata Knight Riders,"Rajiv Gandhi International Stadium, Uppal",wickets,3.0,157.0
Kings XI Punjab,Royal Challengers Bangalore,1,Royal Challengers Bangalore,bat,Kings XI Punjab,"Punjab Cricket Association Stadium, Mohali",wickets,9.0,144.0
Kolkata Knight Riders,Delhi Daredevils,1,Kolkata Knight Riders,bat,Kolkata Knight Riders,Eden Gardens,runs,23.0,134.0
Mumbai Indians,Chennai Super Kings,1,Mumbai Indians,field,Mumbai Indians,Wankhede Stadium,wickets,9.0,157.0
Delhi Daredevils,Deccan Chargers,1,Deccan Chargers,field,Delhi Daredevils,Feroz Shah Kotla,runs,12.0,195.0
Mumbai Indians,Kolkata Knight Riders,1,Mumbai Indians,field,Mumbai Indians,Wankhede Stadium,wickets,8.0,68.0
Delhi Daredevils,Kings XI Punjab,1,Delhi Daredevils,bat,Kings XI Punjab,Feroz Shah Kotla,runs,6.0,89.0
Rajasthan Royals,Royal Challengers Bangalore,1,Royal Challengers Bangalore,field,Rajasthan Royals,Sawai Mansingh Stadium,runs,65.0,198.0
Deccan Chargers,Mumbai Indians,1,Deccan Chargers,field,Mumbai Indians,"Rajiv Gandhi International Stadium, Uppal",runs,25.0,179.0
Kolkata Knight Riders,Chennai Super Kings,1,Kolkata Knight Riders,bat,Chennai Super Kings,Eden Gardens,runs,3.0,53.0
Royal Challengers Bangalore,Delhi Daredevils,1,Delhi Daredevils,field,Delhi Daredevils,M Chinnaswamy Stadium,wickets,5.0,155.0
Kolkata Knight Riders,Rajasthan Royals,1,Rajasthan Royals,field,Rajasthan Royals,Eden Gardens,wickets,6.0,148.0
Chennai Super Kings,Royal Challengers Bangalore,1,Royal Challengers Bangalore,bat,Royal Challengers Bangalore,"MA Chidambaram Stadium, Chepauk",runs,1.0,190.0
Mumbai Indians,Kings XI Punjab,1,Mumbai Indians,field,Kings XI Punjab,Wankhede Stadium,runs,14.0,127.0
Kings XI Punjab,Deccan Chargers,1,Kings XI Punjab,field,Kings XI Punjab,"Punjab Cricket Association Stadium, Mohali",wickets,6.0,176.0
Chennai Super Kings,Rajasthan Royals,1,Rajasthan Royals,bat,Rajasthan Royals,"MA Chidambaram Stadium, Chepauk",wickets,5.0,177.0
Delhi Daredevils,Mumbai Indians,1,Delhi Daredevils,field,Delhi Daredevils,Feroz Shah Kotla,runs,10.0,212.0
Kolkata Knight Riders,Kings XI Punjab,1,Kings XI Punjab,bat,Kolkata Knight Riders,Eden Gardens,wickets,5.0,166.0
Deccan Chargers,Royal Challengers Bangalore,1,Deccan Chargers,bat,Royal Challengers Bangalore,"Rajiv Gandhi International Stadium, Uppal",wickets,3.0,175.0
Rajasthan Royals,Mumbai Indians,1,Rajasthan Royals,field,Rajasthan Royals,Sawai Mansingh Stadium,wickets,5.0,146.0
Deccan Chargers,Chennai Super Kings,1,Deccan Chargers,bat,Chennai Super Kings,"Rajiv Gandhi International Stadium, Uppal",wickets,7.0,148.0
Kings XI Punjab,Rajasthan Royals,1,Rajasthan Royals,field,Kings XI Punjab,"Punjab Cricket Association Stadium, Mohali",wickets,9.0,123.0
Royal Challengers Bangalore,Mumbai Indians,1,Mumbai Indians,field,Mumbai Indians,M Chinnaswamy Stadium,runs,41.0,222.0
Delhi Daredevils,Rajasthan Royals,1,Delhi Daredevils,field,Rajasthan Royals,Wankhede Stadium,runs,105.0,193.0
Chennai Super Kings,Kings XI Punjab,1,Kings XI Punjab,bat,Chennai Super Kings,Wankhede Stadium,wickets,9.0,113.0
Chennai Super Kings,Rajasthan Royals,1,Rajasthan Royals,field,Rajasthan Royals,Dr DY Patil Sports Academy,wickets,3.0,164.0
Royal Challengers Bangalore,Rajasthan Royals,2,Royal Challengers Bangalore,bat,Royal Challengers Bangalore,Newlands,runs,19.0,166.0
Chennai Super Kings,Mumbai Indians,2,Chennai Super Kings,field,Mumbai Indians,Newlands,runs,75.0,134.0
Deccan Chargers,Kolkata Knight Riders,2,Kolkata Knight Riders,bat,Deccan Chargers,Newlands,wickets,10.0,54.0
Delhi Daredevils,Kings XI Punjab,2,Delhi Daredevils,field,Delhi Daredevils,Newlands,wickets,8.0,102.0
Royal Challengers Bangalore,Chennai Super Kings,2,Chennai Super Kings,bat,Chennai Super Kings,St George's Park,runs,92.0,180.0
Kings XI Punjab,Kolkata Knight Riders,2,Kolkata Knight Riders,field,Kolkata Knight Riders,Kingsmead,runs,11.0,69.0
Royal Challengers Bangalore,Deccan Chargers,2,Deccan Chargers,bat,Deccan Chargers,Newlands,runs,24.0,185.0
Chennai Super Kings,Delhi Daredevils,2,Delhi Daredevils,bat,Delhi Daredevils,Kingsmead,runs,9.0,190.0
Royal Challengers Bangalore,Kings XI Punjab,2,Royal Challengers Bangalore,bat,Kings XI Punjab,Kingsmead,wickets,7.0,169.0
Deccan Chargers,Mumbai Indians,2,Deccan Chargers,bat,Deccan Chargers,Kingsmead,runs,12.0,169.0
Kings XI Punjab,Rajasthan Royals,2,Kings XI Punjab,bat,Kings XI Punjab,Newlands,wickets,6.0,150.0
Royal Challengers Bangalore,Delhi Daredevils,2,Royal Challengers Bangalore,bat,Delhi Daredevils,St George's Park,runs,27.0,140.0
Chennai Super Kings,Deccan Chargers,2,Deccan Chargers,field,Deccan Chargers,Kingsmead,wickets,6.0,166.0
Kolkata Knight Riders,Mumbai Indians,2,Mumbai Indians,bat,Mumbai Indians,St George's Park,runs,92.0,188.0
Delhi Daredevils,Rajasthan Royals,2,Delhi Daredevils,bat,Rajasthan Royals,SuperSport Park,wickets,5.0,144.0
Royal Challengers Bangalore,Kolkata Knight Riders,2,Kolkata Knight Riders,bat,Royal Challengers Bangalore,Kingsmead,wickets,5.0,140.0
Kings XI Punjab,Mumbai Indians,2,Kings XI Punjab,bat,Kings XI Punjab,Kingsmead,runs,3.0,120.0
Chennai Super Kings,Rajasthan Royals,2,Rajasthan Royals,field,Chennai Super Kings,SuperSport Park,wickets,6.0,149.0
Deccan Chargers,Delhi Daredevils,2,Delhi Daredevils,field,Delhi Daredevils,SuperSport Park,runs,38.0,165.0
Kolkata Knight Riders,Mumbai Indians,2,Mumbai Indians,bat,Mumbai Indians,Buffalo Park,runs,9.0,149.0
Royal Challengers Bangalore,Kings XI Punjab,2,Royal Challengers Bangalore,bat,Royal Challengers Bangalore,Kingsmead,runs,8.0,146.0
Deccan Chargers,Rajasthan Royals,2,Deccan Chargers,bat,Rajasthan Royals,St George's Park,wickets,3.0,142.0
Chennai Super Kings,Delhi Daredevils,2,Delhi Daredevils,field,Chennai Super Kings,New Wanderers Stadium,runs,18.0,164.0
Kings XI Punjab,Kolkata Knight Riders,2,Kolkata Knight Riders,bat,Kings XI Punjab,St George's Park,wickets,6.0,154.0
Royal Challengers Bangalore,Mumbai Indians,2,Mumbai Indians,bat,Royal Challengers Bangalore,New Wanderers Stadium,wickets,9.0,150.0
Chennai Super Kings,Deccan Chargers,2,Chennai Super Kings,bat,Chennai Super Kings,Buffalo Park,runs,78.0,179.0
Kings XI Punjab,Rajasthan Royals,2,Kings XI Punjab,field,Rajasthan Royals,Kingsmead,runs,78.0,212.0
Delhi Daredevils,Kolkata Knight Riders,2,Kolkata Knight Riders,bat,Delhi Daredevils,Kingsmead,wickets,9.0,155.0
Deccan Chargers,Mumbai Indians,2,Deccan Chargers,bat,Deccan Chargers,SuperSport Park,runs,19.0,146.0
Chennai Super Kings,Kings XI Punjab,2,Chennai Super Kings,bat,Chennai Super Kings,SuperSport Park,wickets,7.0,106.0
Royal Challengers Bangalore,Rajasthan Royals,2,Rajasthan Royals,field,Rajasthan Royals,SuperSport Park,runs,12.0,187.0
Delhi Daredevils,Mumbai Indians,2,Mumbai Indians,bat,Delhi Daredevils,Buffalo Park,wickets,7.0,117.0
Chennai Super Kings,Rajasthan Royals,2,Rajasthan Royals,bat,Chennai Super Kings,De Beers Diamond Oval,wickets,3.0,169.0
Deccan Chargers,Kings XI Punjab,2,Kings XI Punjab,field,Kings XI Punjab,De Beers Diamond Oval,wickets,7.0,141.0
Royal Challengers Bangalore,Mumbai Indians,2,Mumbai Indians,bat,Mumbai Indians,St George's Park,runs,16.0,158.0
Delhi Daredevils,Kolkata Knight Riders,2,Delhi Daredevils,field,Delhi Daredevils,New Wanderers Stadium,wickets,7.0,124.0
Deccan Chargers,Rajasthan Royals,2,Deccan Chargers,bat,Deccan Chargers,De Beers Diamond Oval,runs,53.0,167.0
Royal Challengers Bangalore,Kolkata Knight Riders,2,Royal Challengers Bangalore,field,Royal Challengers Bangalore,SuperSport Park,wickets,6.0,174.0
Kings XI Punjab,Mumbai Indians,2,Kings XI Punjab,bat,Mumbai Indians,SuperSport Park,wickets,8.0,120.0
Deccan Chargers,Delhi Daredevils,2,Deccan Chargers,field,Delhi Daredevils,Kingsmead,runs,12.0,174.0
Royal Challengers Bangalore,Chennai Super Kings,2,Chennai Super Kings,bat,Royal Challengers Bangalore,Kingsmead,wickets,2.0,130.0
Mumbai Indians,Rajasthan Royals,2,Rajasthan Royals,bat,Rajasthan Royals,Kingsmead,runs,2.0,146.0
Delhi Daredevils,Kings XI Punjab,2,Kings XI Punjab,field,Kings XI Punjab,OUTsurance Oval,wickets,6.0,121.0
Chennai Super Kings,Mumbai Indians,2,Mumbai Indians,bat,Chennai Super Kings,St George's Park,wickets,7.0,148.0
Deccan Chargers,Kolkata Knight Riders,2,Deccan Chargers,field,Deccan Chargers,New Wanderers Stadium,wickets,6.0,161.0
Deccan Chargers,Kings XI Punjab,2,Deccan Chargers,field,Kings XI Punjab,New Wanderers Stadium,runs,1.0,135.0
Delhi Daredevils,Rajasthan Royals,2,Delhi Daredevils,bat,Delhi Daredevils,OUTsurance Oval,runs,14.0,151.0
Chennai Super Kings,Kolkata Knight Riders,2,Chennai Super Kings,bat,Kolkata Knight Riders,SuperSport Park,wickets,7.0,189.0
Royal Challengers Bangalore,Delhi Daredevils,2,Delhi Daredevils,bat,Royal Challengers Bangalore,New Wanderers Stadium,wickets,7.0,135.0
Kolkata Knight Riders,Rajasthan Royals,2,Kolkata Knight Riders,field,Kolkata Knight Riders,Kingsmead,wickets,4.0,102.0
Chennai Super Kings,Kings XI Punjab,2,Chennai Super Kings,bat,Chennai Super Kings,Kingsmead,runs,24.0,117.0
Delhi Daredevils,Mumbai Indians,2,Delhi Daredevils,field,Delhi Daredevils,SuperSport Park,wickets,4.0,166.0
Royal Challengers Bangalore,Deccan Chargers,2,Royal Challengers Bangalore,bat,Royal Challengers Bangalore,SuperSport Park,runs,12.0,171.0
Delhi Daredevils,Deccan Chargers,2,Deccan Chargers,field,Deccan Chargers,SuperSport Park,wickets,6.0,154.0
Royal Challengers Bangalore,Chennai Super Kings,2,Royal Challengers Bangalore,field,Royal Challengers Bangalore,New Wanderers Stadium,wickets,6.0,147.0
Royal Challengers Bangalore,Deccan Chargers,2,Royal Challengers Bangalore,field,Deccan Chargers,New Wanderers Stadium,runs,6.0,144.0
Deccan Chargers,Kolkata Knight Riders,3,Deccan Chargers,field,Kolkata Knight Riders,Dr DY Patil Sports Academy,runs,11.0,162.0
Mumbai Indians,Rajasthan Royals,3,Mumbai Indians,bat,Mumbai Indians,Brabourne Stadium,runs,4.0,213.0
Kings XI Punjab,Delhi Daredevils,3,Delhi Daredevils,field,Delhi Daredevils,"Punjab Cricket Association Stadium, Mohali",wickets,5.0,143.0
Kolkata Knight Riders,Royal Challengers Bangalore,3,Kolkata Knight Riders,field,Kolkata Knight Riders,Eden Gardens,wickets,7.0,136.0
Chennai Super Kings,Deccan Chargers,3,Deccan Chargers,bat,Deccan Chargers,"MA Chidambaram Stadium, Chepauk",runs,31.0,191.0
Rajasthan Royals,Delhi Daredevils,3,Delhi Daredevils,field,Delhi Daredevils,"Sardar Patel Stadium, Motera",wickets,6.0,142.0
Royal Challengers Bangalore,Kings XI Punjab,3,Kings XI Punjab,bat,Royal Challengers Bangalore,M Chinnaswamy Stadium,wickets,8.0,204.0
Kolkata Knight Riders,Chennai Super Kings,3,Chennai Super Kings,bat,Chennai Super Kings,Eden Gardens,runs,55.0,165.0
Delhi Daredevils,Mumbai Indians,3,Delhi Daredevils,field,Mumbai Indians,Feroz Shah Kotla,runs,98.0,219.0
Royal Challengers Bangalore,Rajasthan Royals,3,Royal Challengers Bangalore,field,Royal Challengers Bangalore,M Chinnaswamy Stadium,wickets,10.0,93.0
Deccan Chargers,Kings XI Punjab,3,Kings XI Punjab,field,Deccan Chargers,Barabati Stadium,wickets,5.0,186.0
Delhi Daredevils,Chennai Super Kings,3,Delhi Daredevils,bat,Chennai Super Kings,Feroz Shah Kotla,runs,6.0,171.0
Mumbai Indians,Royal Challengers Bangalore,3,Mumbai Indians,bat,Royal Challengers Bangalore,Brabourne Stadium,runs,34.0,169.0
Rajasthan Royals,Kolkata Knight Riders,3,Rajasthan Royals,bat,Rajasthan Royals,"Sardar Patel Stadium, Motera",wickets,7.0,152.0
Deccan Chargers,Delhi Daredevils,3,Deccan Chargers,bat,Deccan Chargers,Barabati Stadium,runs,10.0,172.0
Mumbai Indians,Kolkata Knight Riders,3,Kolkata Knight Riders,bat,Mumbai Indians,Brabourne Stadium,wickets,7.0,156.0
Royal Challengers Bangalore,Chennai Super Kings,3,Chennai Super Kings,field,Royal Challengers Bangalore,M Chinnaswamy Stadium,runs,36.0,172.0
Kings XI Punjab,Rajasthan Royals,3,Kings XI Punjab,field,Rajasthan Royals,"Punjab Cricket Association Stadium, Mohali",runs,31.0,184.0
Chennai Super Kings,Mumbai Indians,3,Mumbai Indians,field,Mumbai Indians,"Brabourne Stadium, Mumbai",wickets,5.0,181.0
Royal Challengers Bangalore,Delhi Daredevils,3,Royal Challengers Bangalore,field,Delhi Daredevils,M Chinnaswamy Stadium,runs,17.0,184.0
Rajasthan Royals,Deccan Chargers,3,Deccan Chargers,bat,Rajasthan Royals,"Sardar Patel Stadium, Motera",wickets,8.0,149.0
Kings XI Punjab,Kolkata Knight Riders,3,Kolkata Knight Riders,bat,Kolkata Knight Riders,"Punjab Cricket Association Stadium, Mohali",runs,39.0,184.0
Rajasthan Royals,Chennai Super Kings,3,Rajasthan Royals,bat,Rajasthan Royals,"Sardar Patel Stadium, Motera",runs,17.0,178.0
Deccan Chargers,Mumbai Indians,3,Deccan Chargers,field,Mumbai Indians,Dr DY Patil Sports Academy,runs,41.0,173.0
Delhi Daredevils,Kolkata Knight Riders,3,Delhi Daredevils,bat,Delhi Daredevils,Feroz Shah Kotla,runs,40.0,178.0
Mumbai Indians,Kings XI Punjab,3,Mumbai Indians,field,Mumbai Indians,Brabourne Stadium,wickets,4.0,164.0
Delhi Daredevils,Rajasthan Royals,3,Delhi Daredevils,bat,Delhi Daredevils,Feroz Shah Kotla,wickets,5.0,162.0
Chennai Super Kings,Royal Challengers Bangalore,3,Royal Challengers Bangalore,bat,Chennai Super Kings,"MA Chidambaram Stadium, Chepauk",runs,67.0,189.0
Kolkata Knight Riders,Deccan Chargers,3,Kolkata Knight Riders,bat,Kolkata Knight Riders,Eden Gardens,runs,24.0,182.0
Kings XI Punjab,Royal Challengers Bangalore,3,Kings XI Punjab,bat,Royal Challengers Bangalore,"Punjab Cricket Association Stadium, Mohali",wickets,6.0,182.0
Mumbai Indians,Deccan Chargers,3,Mumbai Indians,bat,Mumbai Indians,Brabourne Stadium,runs,23.0,247.0
Chennai Super Kings,Rajasthan Royals,3,Chennai Super Kings,bat,Chennai Super Kings,"MA Chidambaram Stadium, Chepauk",runs,63.0,179.0
Kolkata Knight Riders,Kings XI Punjab,3,Kolkata Knight Riders,bat,Kings XI Punjab,Eden Gardens,wickets,8.0,201.0
Delhi Daredevils,Royal Challengers Bangalore,3,Delhi Daredevils,bat,Delhi Daredevils,Feroz Shah Kotla,runs,37.0,185.0
Deccan Chargers,Rajasthan Royals,3,Rajasthan Royals,bat,Rajasthan Royals,"Vidarbha Cricket Association Stadium, Jamtha",runs,2.0,160.0
Chennai Super Kings,Mumbai Indians,3,Chennai Super Kings,bat,Chennai Super Kings,"MA Chidambaram Stadium, Chepauk",runs,24.0,166.0
Rajasthan Royals,Kings XI Punjab,3,Kings XI Punjab,bat,Rajasthan Royals,Sawai Mansingh Stadium,wickets,9.0,154.0
Kolkata Knight Riders,Delhi Daredevils,3,Kolkata Knight Riders,bat,Kolkata Knight Riders,Eden Gardens,runs,14.0,182.0
Royal Challengers Bangalore,Deccan Chargers,3,Deccan Chargers,field,Deccan Chargers,M Chinnaswamy Stadium,wickets,7.0,185.0
Kings XI Punjab,Mumbai Indians,3,Mumbai Indians,bat,Kings XI Punjab,"Punjab Cricket Association Stadium, Mohali",wickets,6.0,155.0
Deccan Chargers,Chennai Super Kings,3,Chennai Super Kings,bat,Deccan Chargers,"Vidarbha Cricket Association Stadium, Jamtha",wickets,6.0,139.0
Royal Challengers Bangalore,Kolkata Knight Riders,3,Royal Challengers Bangalore,field,Royal Challengers Bangalore,M Chinnaswamy Stadium,wickets,7.0,161.0
Delhi Daredevils,Kings XI Punjab,3,Delhi Daredevils,bat,Kings XI Punjab,Feroz Shah Kotla,wickets,7.0,112.0
Rajasthan Royals,Mumbai Indians,3,Rajasthan Royals,field,Mumbai Indians,Sawai Mansingh Stadium,runs,37.0,175.0
Deccan Chargers,Royal Challengers Bangalore,3,Royal Challengers Bangalore,field,Deccan Chargers,"Vidarbha Cricket Association Stadium, Jamtha",runs,13.0,152.0
Chennai Super Kings,Kolkata Knight Riders,3,Kolkata Knight Riders,bat,Chennai Super Kings,"MA Chidambaram Stadium, Chepauk",runs,39.0,184.0
Mumbai Indians,Delhi Daredevils,3,Mumbai Indians,bat,Mumbai Indians,Brabourne Stadium,wickets,9.0,140.0
Rajasthan Royals,Royal Challengers Bangalore,3,Rajasthan Royals,bat,Royal Challengers Bangalore,Sawai Mansingh Stadium,wickets,5.0,131.0
Chennai Super Kings,Delhi Daredevils,3,Chennai Super Kings,bat,Delhi Daredevils,"MA Chidambaram Stadium, Chepauk",wickets,6.0,113.0
Kings XI Punjab,Deccan Chargers,3,Deccan Chargers,field,Deccan Chargers,Himachal Pradesh Cricket Association Stadium,wickets,5.0,175.0
Royal Challengers Bangalore,Mumbai Indians,3,Royal Challengers Bangalore,field,Mumbai Indians,M Chinnaswamy Stadium,runs,57.0,192.0
Kolkata Knight Riders,Rajasthan Royals,3,Rajasthan Royals,bat,Kolkata Knight Riders,Eden Gardens,wickets,8.0,133.0
Delhi Daredevils,Deccan Chargers,3,Deccan Chargers,bat,Deccan Chargers,Feroz Shah Kotla,wickets,6.0,193.0
Kings XI Punjab,Chennai Super Kings,3,Chennai Super Kings,field,Chennai Super Kings,Himachal Pradesh Cricket Association Stadium,runs,11.0,146.0
Kolkata Knight Riders,Mumbai Indians,3,Mumbai Indians,bat,Kolkata Knight Riders,Eden Gardens,wickets,9.0,134.0
Royal Challengers Bangalore,Mumbai Indians,3,Mumbai Indians,bat,Mumbai Indians,Dr DY Patil Sports Academy,runs,35.0,185.0
Chennai Super Kings,Deccan Chargers,3,Chennai Super Kings,bat,Chennai Super Kings,Dr DY Patil Sports Academy,runs,38.0,143.0
Royal Challengers Bangalore,Deccan Chargers,3,Deccan Chargers,bat,Royal Challengers Bangalore,Dr DY Patil Sports Academy,wickets,9.0,83.0
Chennai Super Kings,Mumbai Indians,3,Chennai Super Kings,bat,Chennai Super Kings,Dr DY Patil Sports Academy,runs,22.0,169.0
Chennai Super Kings,Kolkata Knight Riders,4,Chennai Super Kings,bat,Chennai Super Kings,"MA Chidambaram Stadium, Chepauk",runs,2.0,154.0
Deccan Chargers,Rajasthan Royals,4,Rajasthan Royals,field,Rajasthan Royals,"Rajiv Gandhi International Stadium, Uppal",wickets,8.0,138.0
Kochi Tuskers Kerala,Royal Challengers Bangalore,4,Kochi Tuskers Kerala,bat,Royal Challengers Bangalore,Nehru Stadium,wickets,6.0,162.0
Delhi Daredevils,Mumbai Indians,4,Delhi Daredevils,bat,Mumbai Indians,Feroz Shah Kotla,wickets,8.0,96.0
Pune Warriors,Kings XI Punjab,4,Kings XI Punjab,bat,Pune Warriors,Dr DY Patil Sports Academy,wickets,7.0,113.0
Kolkata Knight Riders,Deccan Chargers,4,Kolkata Knight Riders,bat,Kolkata Knight Riders,Eden Gardens,runs,9.0,164.0
Royal Challengers Bangalore,Mumbai Indians,4,Mumbai Indians,field,Mumbai Indians,M Chinnaswamy Stadium,wickets,6.0,152.0
Rajasthan Royals,Delhi Daredevils,4,Delhi Daredevils,bat,Rajasthan Royals,Sawai Mansingh Stadium,wickets,9.0,141.0
Pune Warriors,Kochi Tuskers Kerala,4,Kochi Tuskers Kerala,bat,Pune Warriors,Dr DY Patil Sports Academy,wickets,6.0,189.0
Kings XI Punjab,Chennai Super Kings,4,Kings XI Punjab,field,Kings XI Punjab,"Punjab Cricket Association Stadium, Mohali",wickets,4.0,149.0
Deccan Chargers,Royal Challengers Bangalore,4,Royal Challengers Bangalore,field,Deccan Chargers,"Rajiv Gandhi International Stadium, Uppal",runs,33.0,176.0
Mumbai Indians,Kochi Tuskers Kerala,4,Kochi Tuskers Kerala,field,Kochi Tuskers Kerala,Wankhede Stadium,wickets,9.0,160.0
Rajasthan Royals,Kolkata Knight Riders,4,Kolkata Knight Riders,field,Kolkata Knight Riders,Sawai Mansingh Stadium,wickets,8.0,183.0
Chennai Super Kings,Royal Challengers Bangalore,4,Chennai Super Kings,bat,Chennai Super Kings,"MA Chidambaram Stadium, Chepauk",runs,21.0,184.0
Deccan Chargers,Kings XI Punjab,4,Kings XI Punjab,field,Kings XI Punjab,"Rajiv Gandhi International Stadium, Uppal",wickets,8.0,166.0
Pune Warriors,Delhi Daredevils,4,Delhi Daredevils,field,Delhi Daredevils,Dr DY Patil Sports Academy,wickets,3.0,188.0
Kolkata Knight Riders,Rajasthan Royals,4,Kolkata Knight Riders,field,Kolkata Knight Riders,Eden Gardens,wickets,8.0,82.0
Kochi Tuskers Kerala,Chennai Super Kings,4,Kochi Tuskers Kerala,field,Kochi Tuskers Kerala,Nehru Stadium,wickets,7.0,135.0
Delhi Daredevils,Deccan Chargers,4,Deccan Chargers,bat,Deccan Chargers,Feroz Shah Kotla,runs,16.0,169.0
Kolkata Knight Riders,Kochi Tuskers Kerala,4,Kolkata Knight Riders,field,Kochi Tuskers Kerala,Eden Gardens,wickets,7.0,119.0
Mumbai Indians,Pune Warriors,4,Pune Warriors,bat,Mumbai Indians,Wankhede Stadium,runs,6.0,133.0
Kings XI Punjab,Rajasthan Royals,4,Rajasthan Royals,field,Kings XI Punjab,"Punjab Cricket Association Stadium, Mohali",runs,48.0,196.0
Mumbai Indians,Chennai Super Kings,4,Chennai Super Kings,field,Mumbai Indians,Wankhede Stadium,runs,8.0,165.0
Kolkata Knight Riders,Royal Challengers Bangalore,4,Royal Challengers Bangalore,field,Royal Challengers Bangalore,Eden Gardens,wickets,9.0,172.0
Delhi Daredevils,Kings XI Punjab,4,Kings XI Punjab,field,Delhi Daredevils,Feroz Shah Kotla,runs,29.0,232.0
Deccan Chargers,Mumbai Indians,4,Deccan Chargers,field,Mumbai Indians,"Rajiv Gandhi International Stadium, Uppal",runs,37.0,173.0
Rajasthan Royals,Kochi Tuskers Kerala,4,Rajasthan Royals,field,Rajasthan Royals,Sawai Mansingh Stadium,wickets,8.0,110.0
Chennai Super Kings,Pune Warriors,4,Pune Warriors,field,Chennai Super Kings,"MA Chidambaram Stadium, Chepauk",runs,25.0,143.0
Delhi Daredevils,Royal Challengers Bangalore,4,Royal Challengers Bangalore,field,Royal Challengers Bangalore,Feroz Shah Kotla,wickets,3.0,161.0
Kochi Tuskers Kerala,Deccan Chargers,4,Kochi Tuskers Kerala,field,Deccan Chargers,Nehru Stadium,wickets,8.0,142.0
Pune Warriors,Chennai Super Kings,4,Pune Warriors,bat,Chennai Super Kings,Dr DY Patil Sports Academy,runs,55.0,130.0
Delhi Daredevils,Kolkata Knight Riders,4,Delhi Daredevils,field,Kolkata Knight Riders,Feroz Shah Kotla,runs,17.0,149.0
Royal Challengers Bangalore,Pune Warriors,4,Pune Warriors,field,Royal Challengers Bangalore,M Chinnaswamy Stadium,wickets,7.0,95.0
Rajasthan Royals,Mumbai Indians,4,Rajasthan Royals,field,Rajasthan Royals,Sawai Mansingh Stadium,runs,26.0,182.0
Kolkata Knight Riders,Kings XI Punjab,4,Kolkata Knight Riders,field,Kolkata Knight Riders,Eden Gardens,runs,38.0,158.0
Kochi Tuskers Kerala,Delhi Daredevils,4,Delhi Daredevils,bat,Delhi Daredevils,Nehru Stadium,wickets,8.0,120.0
Rajasthan Royals,Pune Warriors,4,Rajasthan Royals,field,Rajasthan Royals,Sawai Mansingh Stadium,wickets,6.0,144.0
Chennai Super Kings,Deccan Chargers,4,Chennai Super Kings,bat,Chennai Super Kings,"MA Chidambaram Stadium, Chepauk",runs,19.0,166.0
Delhi Daredevils,Kochi Tuskers Kerala,4,Kochi Tuskers Kerala,field,Kochi Tuskers Kerala,Feroz Shah Kotla,runs,23.0,160.0
Mumbai Indians,Kings XI Punjab,4,Kings XI Punjab,field,Mumbai Indians,Wankhede Stadium,wickets,7.0,141.0
Deccan Chargers,Kolkata Knight Riders,4,Deccan Chargers,field,Kolkata Knight Riders,"Rajiv Gandhi International Stadium, Uppal",runs,20.0,170.0
Chennai Super Kings,Rajasthan Royals,4,Rajasthan Royals,bat,Chennai Super Kings,"MA Chidambaram Stadium, Chepauk",wickets,8.0,148.0
Pune Warriors,Mumbai Indians,4,Pune Warriors,field,Mumbai Indians,Dr DY Patil Sports Academy,runs,21.0,161.0
Kochi Tuskers Kerala,Kolkata Knight Riders,4,Kolkata Knight Riders,field,Kochi Tuskers Kerala,Nehru Stadium,runs,17.0,157.0
Deccan Chargers,Delhi Daredevils,4,Delhi Daredevils,field,Delhi Daredevils,"Rajiv Gandhi International Stadium, Uppal",wickets,4.0,176.0
Royal Challengers Bangalore,Kings XI Punjab,4,Kings XI Punjab,field,Royal Challengers Bangalore,M Chinnaswamy Stadium,runs,85.0,206.0
Mumbai Indians,Delhi Daredevils,4,Delhi Daredevils,field,Mumbai Indians,Wankhede Stadium,runs,10.0,52.0
Kolkata Knight Riders,Chennai Super Kings,4,Chennai Super Kings,bat,Kolkata Knight Riders,Eden Gardens,runs,32.0,179.0
Kings XI Punjab,Pune Warriors,4,Kings XI Punjab,bat,Pune Warriors,"Punjab Cricket Association Stadium, Mohali",wickets,9.0,126.0
Royal Challengers Bangalore,Kochi Tuskers Kerala,4,Kochi Tuskers Kerala,bat,Royal Challengers Bangalore,M Chinnaswamy Stadium,wickets,5.0,120.0
Rajasthan Royals,Chennai Super Kings,4,Rajasthan Royals,field,Chennai Super Kings,Sawai Mansingh Stadium,runs,63.0,197.0
Kings XI Punjab,Mumbai Indians,4,Mumbai Indians,field,Kings XI Punjab,"Punjab Cricket Association Stadium, Mohali",wickets,6.0,137.0
Deccan Chargers,Pune Warriors,4,Deccan Chargers,bat,Pune Warriors,"Rajiv Gandhi International Stadium, Uppal",runs,76.0,164.0
Rajasthan Royals,Royal Challengers Bangalore,4,Royal Challengers Bangalore,field,Royal Challengers Bangalore,Sawai Mansingh Stadium,wickets,9.0,147.0
Chennai Super Kings,Delhi Daredevils,4,Chennai Super Kings,bat,Chennai Super Kings,"MA Chidambaram Stadium, Chepauk",runs,18.0,177.0
Kochi Tuskers Kerala,Kings XI Punjab,4,Kings XI Punjab,field,Kings XI Punjab,Holkar Cricket Stadium,wickets,6.0,179.0
Mumbai Indians,Deccan Chargers,4,Deccan Chargers,bat,Deccan Chargers,Wankhede Stadium,wickets,4.0,102.0
Royal Challengers Bangalore,Kolkata Knight Riders,4,Royal Challengers Bangalore,field,Royal Challengers Bangalore,M Chinnaswamy Stadium,runs,10.0,136.0
Kochi Tuskers Kerala,Rajasthan Royals,4,Kochi Tuskers Kerala,field,Kochi Tuskers Kerala,Holkar Cricket Stadium,runs,29.0,171.0
Kings XI Punjab,Delhi Daredevils,4,Delhi Daredevils,field,Kings XI Punjab,Himachal Pradesh Cricket Association Stadium,wickets,8.0,98.0
Pune Warriors,Deccan Chargers,4,Deccan Chargers,field,Deccan Chargers,Dr DY Patil Sports Academy,wickets,6.0,137.0
Kings XI Punjab,Royal Challengers Bangalore,4,Kings XI Punjab,bat,Kings XI Punjab,Himachal Pradesh Cricket Association Stadium,runs,111.0,233.0
Chennai Super Kings,Kochi Tuskers Kerala,4,Chennai Super Kings,bat,Chennai Super Kings,"MA Chidambaram Stadium, Chepauk",runs,11.0,153.0
Pune Warriors,Kolkata Knight Riders,4,Kolkata Knight Riders,field,Kolkata Knight Riders,Dr DY Patil Sports Academy,wickets,7.0,119.0
Mumbai Indians,Rajasthan Royals,4,Mumbai Indians,bat,Rajasthan Royals,Wankhede Stadium,wickets,10.0,134.0
Kings XI Punjab,Deccan Chargers,4,Kings XI Punjab,field,Deccan Chargers,Himachal Pradesh Cricket Association Stadium,runs,82.0,199.0
Royal Challengers Bangalore,Chennai Super Kings,4,Royal Challengers Bangalore,field,Royal Challengers Bangalore,M Chinnaswamy Stadium,wickets,8.0,129.0
Kolkata Knight Riders,Mumbai Indians,4,Mumbai Indians,field,Mumbai Indians,Eden Gardens,wickets,5.0,176.0
Royal Challengers Bangalore,Chennai Super Kings,4,Chennai Super Kings,field,Chennai Super Kings,Wankhede Stadium,wickets,6.0,176.0
Mumbai Indians,Kolkata Knight Riders,4,Mumbai Indians,field,Mumbai Indians,Wankhede Stadium,wickets,4.0,148.0
Royal Challengers Bangalore,Mumbai Indians,4,Mumbai Indians,field,Royal Challengers Bangalore,"MA Chidambaram Stadium, Chepauk",runs,43.0,186.0
Chennai Super Kings,Royal Challengers Bangalore,4,Chennai Super Kings,bat,Chennai Super Kings,"MA Chidambaram Stadium, Chepauk",runs,58.0,206.0
Chennai Super Kings,Mumbai Indians,5,Mumbai Indians,field,Mumbai Indians,"MA Chidambaram Stadium, Chepauk",wickets,8.0,113.0
Kolkata Knight Riders,Delhi Daredevils,5,Delhi Daredevils,field,Delhi Daredevils,Eden Gardens,wickets,8.0,98.0
Mumbai Indians,Pune Warriors,5,Mumbai Indians,field,Pune Warriors,Wankhede Stadium,runs,28.0,130.0
Rajasthan Royals,Kings XI Punjab,5,Kings XI Punjab,field,Rajasthan Royals,Sawai Mansingh Stadium,runs,31.0,192.0
Deccan Chargers,Chennai Super Kings,5,Deccan Chargers,field,Chennai Super Kings,Dr. Y.S. Rajasekhara Reddy ACA-VDCA Cricket Stadium,runs,20.0,158.0
Royal Challengers Bangalore,Delhi Daredevils,5,Delhi Daredevils,field,Royal Challengers Bangalore,M Chinnaswamy Stadium,runs,74.0,194.0
Pune Warriors,Kings XI Punjab,5,Pune Warriors,bat,Pune Warriors,Subrata Roy Sahara Stadium,runs,22.0,165.0
Rajasthan Royals,Kolkata Knight Riders,5,Kolkata Knight Riders,field,Rajasthan Royals,Sawai Mansingh Stadium,runs,22.0,167.0
Deccan Chargers,Mumbai Indians,5,Deccan Chargers,bat,Mumbai Indians,Dr. Y.S. Rajasekhara Reddy ACA-VDCA Cricket Stadium,wickets,5.0,139.0
Royal Challengers Bangalore,Kolkata Knight Riders,5,Royal Challengers Bangalore,field,Kolkata Knight Riders,M Chinnaswamy Stadium,runs,42.0,166.0
Delhi Daredevils,Chennai Super Kings,5,Delhi Daredevils,field,Delhi Daredevils,Feroz Shah Kotla,wickets,8.0,111.0
Mumbai Indians,Rajasthan Royals,5,Rajasthan Royals,field,Mumbai Indians,Wankhede Stadium,runs,27.0,198.0
Chennai Super Kings,Royal Challengers Bangalore,5,Royal Challengers Bangalore,bat,Chennai Super Kings,"MA Chidambaram Stadium, Chepauk",wickets,5.0,206.0
Kings XI Punjab,Pune Warriors,5,Kings XI Punjab,field,Kings XI Punjab,"Punjab Cricket Association Stadium, Mohali",wickets,7.0,116.0
Kolkata Knight Riders,Rajasthan Royals,5,Rajasthan Royals,bat,Kolkata Knight Riders,Eden Gardens,wickets,5.0,132.0
Pune Warriors,Chennai Super Kings,5,Chennai Super Kings,bat,Pune Warriors,Subrata Roy Sahara Stadium,wickets,7.0,156.0
Royal Challengers Bangalore,Rajasthan Royals,5,Rajasthan Royals,bat,Rajasthan Royals,M Chinnaswamy Stadium,runs,2.0,135.0
Kolkata Knight Riders,Kings XI Punjab,5,Kolkata Knight Riders,field,Kings XI Punjab,Eden Gardens,runs,59.0,196.0
Mumbai Indians,Delhi Daredevils,5,Delhi Daredevils,field,Delhi Daredevils,Wankhede Stadium,wickets,7.0,93.0
Rajasthan Royals,Deccan Chargers,5,Deccan Chargers,bat,Rajasthan Royals,Sawai Mansingh Stadium,wickets,5.0,197.0
Royal Challengers Bangalore,Pune Warriors,5,Pune Warriors,bat,Royal Challengers Bangalore,M Chinnaswamy Stadium,wickets,6.0,183.0
Kings XI Punjab,Kolkata Knight Riders,5,Kings XI Punjab,bat,Kolkata Knight Riders,"Punjab Cricket Association Stadium, Mohali",wickets,8.0,125.0
Chennai Super Kings,Pune Warriors,5,Pune Warriors,field,Chennai Super Kings,"MA Chidambaram Stadium, Chepauk",wickets,5.0,158.0
Delhi Daredevils,Deccan Chargers,5,Deccan Chargers,bat,Delhi Daredevils,Feroz Shah Kotla,runs,13.0,165.0
Kings XI Punjab,Royal Challengers Bangalore,5,Royal Challengers Bangalore,field,Royal Challengers Bangalore,"Punjab Cricket Association Stadium, Mohali",wickets,5.0,164.0
Delhi Daredevils,Pune Warriors,5,Delhi Daredevils,field,Pune Warriors,Feroz Shah Kotla,wickets,7.0,147.0
Chennai Super Kings,Rajasthan Royals,5,Rajasthan Royals,bat,Chennai Super Kings,"MA Chidambaram Stadium, Chepauk",runs,20.0,193.0
Deccan Chargers,Kolkata Knight Riders,5,Kolkata Knight Riders,field,Kolkata Knight Riders,Barabati Stadium,wickets,6.0,164.0
Mumbai Indians,Kings XI Punjab,5,Mumbai Indians,bat,Kings XI Punjab,Wankhede Stadium,wickets,5.0,127.0
Rajasthan Royals,Royal Challengers Bangalore,5,Rajasthan Royals,field,Royal Challengers Bangalore,Sawai Mansingh Stadium,runs,46.0,190.0
Pune Warriors,Delhi Daredevils,5,Pune Warriors,bat,Delhi Daredevils,Subrata Roy Sahara Stadium,wickets,8.0,147.0
Kings XI Punjab,Mumbai Indians,5,Kings XI Punjab,bat,Mumbai Indians,"Punjab Cricket Association Stadium, Mohali",wickets,4.0,169.0
Pune Warriors,Deccan Chargers,5,Deccan Chargers,bat,Deccan Chargers,Subrata Roy Sahara Stadium,runs,18.0,178.0
Delhi Daredevils,Mumbai Indians,5,Mumbai Indians,field,Delhi Daredevils,Feroz Shah Kotla,runs,37.0,208.0
Chennai Super Kings,Kings XI Punjab,5,Kings XI Punjab,bat,Kings XI Punjab,"MA Chidambaram Stadium, Chepauk",runs,7.0,157.0
Kolkata Knight Riders,Royal Challengers Bangalore,5,Kolkata Knight Riders,bat,Kolkata Knight Riders,Eden Gardens,runs,47.0,191.0
Mumbai Indians,Deccan Chargers,5,Mumbai Indians,field,Mumbai Indians,Wankhede Stadium,runs,1.0,153.0
Delhi Daredevils,Rajasthan Royals,5,Delhi Daredevils,bat,Delhi Daredevils,Feroz Shah Kotla,wickets,5.0,101.0
Chennai Super Kings,Kolkata Knight Riders,5,Chennai Super Kings,bat,Kolkata Knight Riders,"MA Chidambaram Stadium, Chepauk",wickets,5.0,140.0
Deccan Chargers,Pune Warriors,5,Deccan Chargers,bat,Deccan Chargers,Barabati Stadium,runs,13.0,187.0
Rajasthan Royals,Delhi Daredevils,5,Rajasthan Royals,bat,Delhi Daredevils,Sawai Mansingh Stadium,wickets,6.0,142.0
Royal Challengers Bangalore,Kings XI Punjab,5,Kings XI Punjab,field,Kings XI Punjab,M Chinnaswamy Stadium,wickets,4.0,159.0
Pune Warriors,Mumbai Indians,5,Mumbai Indians,bat,Mumbai Indians,Subrata Roy Sahara Stadium,runs,1.0,121.0
Chennai Super Kings,Deccan Chargers,5,Chennai Super Kings,bat,Chennai Super Kings,"MA Chidambaram Stadium, Chepauk",runs,10.0,161.0
Kings XI Punjab,Rajasthan Royals,5,Rajasthan Royals,bat,Rajasthan Royals,"Punjab Cricket Association Stadium, Mohali",runs,7.0,151.0
Kolkata Knight Riders,Pune Warriors,5,Kolkata Knight Riders,bat,Kolkata Knight Riders,Eden Gardens,runs,43.0,178.0
Mumbai Indians,Chennai Super Kings,5,Mumbai Indians,field,Mumbai Indians,Wankhede Stadium,wickets,2.0,174.0
Royal Challengers Bangalore,Deccan Chargers,5,Royal Challengers Bangalore,field,Royal Challengers Bangalore,M Chinnaswamy Stadium,wickets,5.0,182.0
Delhi Daredevils,Kolkata Knight Riders,5,Delhi Daredevils,bat,Kolkata Knight Riders,Feroz Shah Kotla,wickets,6.0,154.0
Pune Warriors,Rajasthan Royals,5,Pune Warriors,bat,Rajasthan Royals,Subrata Roy Sahara Stadium,wickets,7.0,126.0
Deccan Chargers,Kings XI Punjab,5,Deccan Chargers,field,Kings XI Punjab,"Rajiv Gandhi International Stadium, Uppal",runs,25.0,171.0
Mumbai Indians,Royal Challengers Bangalore,5,Royal Challengers Bangalore,field,Royal Challengers Bangalore,Wankhede Stadium,wickets,9.0,142.0
Rajasthan Royals,Chennai Super Kings,5,Chennai Super Kings,field,Chennai Super Kings,Sawai Mansingh Stadium,wickets,9.0,188.0
Deccan Chargers,Delhi Daredevils,5,Deccan Chargers,bat,Delhi Daredevils,"Rajiv Gandhi International Stadium, Uppal",wickets,4.0,127.0
Pune Warriors,Royal Challengers Bangalore,5,Pune Warriors,field,Royal Challengers Bangalore,Subrata Roy Sahara Stadium,runs,35.0,174.0
Chennai Super Kings,Delhi Daredevils,5,Chennai Super Kings,field,Chennai Super Kings,"MA Chidambaram Stadium, Chepauk",runs,27.0,183.0
Kolkata Knight Riders,Mumbai Indians,5,Mumbai Indians,bat,Mumbai Indians,Eden Gardens,wickets,9.0,115.0
Rajasthan Royals,Pune Warriors,5,Rajasthan Royals,bat,Rajasthan Royals,Sawai Mansingh Stadium,runs,45.0,171.0
Kings XI Punjab,Deccan Chargers,5,Deccan Chargers,bat,Kings XI Punjab,"Punjab Cricket Association Stadium, Mohali",wickets,4.0,191.0
Kolkata Knight Riders,Chennai Super Kings,5,Chennai Super Kings,field,Chennai Super Kings,Eden Gardens,wickets,5.0,172.0
Royal Challengers Bangalore,Mumbai Indians,5,Mumbai Indians,field,Mumbai Indians,M Chinnaswamy Stadium,wickets,5.0,159.0
Delhi Daredevils,Kings XI Punjab,5,Kings XI Punjab,bat,Delhi Daredevils,Feroz Shah Kotla,wickets,5.0,137.0
Mumbai Indians,Kolkata Knight Riders,5,Mumbai Indians,field,Kolkata Knight Riders,Wankhede Stadium,runs,32.0,141.0
Delhi Daredevils,Royal Challengers Bangalore,5,Delhi Daredevils,field,Royal Challengers Bangalore,Feroz Shah Kotla,wickets,6.0,121.0
Kings XI Punjab,Chennai Super Kings,5,Kings XI Punjab,field,Kings XI Punjab,Himachal Pradesh Cricket Association Stadium,runs,21.0,216.0
Deccan Chargers,Rajasthan Royals,5,Rajasthan Royals,bat,Deccan Chargers,"Rajiv Gandhi International Stadium, Uppal",wickets,5.0,127.0
Kings XI Punjab,Delhi Daredevils,5,Delhi Daredevils,field,Delhi Daredevils,Himachal Pradesh Cricket Association Stadium,wickets,6.0,142.0
Pune Warriors,Kolkata Knight Riders,5,Kolkata Knight Riders,bat,Kolkata Knight Riders,Subrata Roy Sahara Stadium,runs,34.0,137.0
Rajasthan Royals,Mumbai Indians,5,Rajasthan Royals,bat,Mumbai Indians,Sawai Mansingh Stadium,runs,9.0,133.0
Deccan Chargers,Royal Challengers Bangalore,5,Royal Challengers Bangalore,field,Deccan Chargers,"Rajiv Gandhi International Stadium, Uppal",wickets,10.0,163.0
Delhi Daredevils,Kolkata Knight Riders,5,Kolkata Knight Riders,bat,Kolkata Knight Riders,Subrata Roy Sahara Stadium,runs,18.0,163.0
Chennai Super Kings,Mumbai Indians,5,Mumbai Indians,field,Chennai Super Kings,M Chinnaswamy Stadium,runs,38.0,188.0
Delhi Daredevils,Chennai Super Kings,5,Delhi Daredevils,field,Chennai Super Kings,"MA Chidambaram Stadium, Chepauk",runs,86.0,223.0
Kolkata Knight Riders,Chennai Super Kings,5,Chennai Super Kings,bat,Kolkata Knight Riders,"MA Chidambaram Stadium, Chepauk",wickets,5.0,191.0
Kolkata Knight Riders,Delhi Daredevils,6,Kolkata Knight Riders,field,Kolkata Knight Riders,Eden Gardens,wickets,6.0,129.0
Royal Challengers Bangalore,Mumbai Indians,6,Mumbai Indians,field,Royal Challengers Bangalore,M Chinnaswamy Stadium,runs,2.0,157.0
Sunrisers Hyderabad,Pune Warriors,6,Pune Warriors,field,Sunrisers Hyderabad,"Rajiv Gandhi International Stadium, Uppal",runs,22.0,127.0
Chennai Super Kings,Mumbai Indians,6,Mumbai Indians,bat,Mumbai Indians,"MA Chidambaram Stadium, Chepauk",runs,5.0,166.0
Delhi Daredevils,Rajasthan Royals,6,Rajasthan Royals,bat,Rajasthan Royals,Feroz Shah Kotla,runs,9.0,149.0
Pune Warriors,Kings XI Punjab,6,Pune Warriors,bat,Kings XI Punjab,Subrata Roy Sahara Stadium,tie,,131.0
Rajasthan Royals,Kolkata Knight Riders,6,Kolkata Knight Riders,field,Rajasthan Royals,Sawai Mansingh Stadium,runs,19.0,145.0
Mumbai Indians,Delhi Daredevils,6,Mumbai Indians,bat,Mumbai Indians,Wankhede Stadium,runs,44.0,210.0
Royal Challengers Bangalore,Sunrisers Hyderabad,6,Sunrisers Hyderabad,bat,Royal Challengers Bangalore,M Chinnaswamy Stadium,wickets,7.0,162.0
Kings XI Punjab,Chennai Super Kings,6,Chennai Super Kings,field,Chennai Super Kings,"Punjab Cricket Association Stadium, Mohali",wickets,10.0,139.0
Royal Challengers Bangalore,Kolkata Knight Riders,6,Royal Challengers Bangalore,field,Royal Challengers Bangalore,M Chinnaswamy Stadium,wickets,8.0,155.0
Pune Warriors,Rajasthan Royals,6,Rajasthan Royals,bat,Pune Warriors,Subrata Roy Sahara Stadium,wickets,7.0,146.0
Delhi Daredevils,Sunrisers Hyderabad,6,Delhi Daredevils,bat,Sunrisers Hyderabad,Feroz Shah Kotla,wickets,3.0,115.0
Chennai Super Kings,Royal Challengers Bangalore,6,Chennai Super Kings,field,Chennai Super Kings,"MA Chidambaram Stadium, Chepauk",runs,41.0,184.0
Mumbai Indians,Pune Warriors,6,Mumbai Indians,bat,Mumbai Indians,Wankhede Stadium,wickets,4.0,166.0
Rajasthan Royals,Kings XI Punjab,6,Rajasthan Royals,field,Rajasthan Royals,Sawai Mansingh Stadium,runs,48.0,181.0
Kolkata Knight Riders,Sunrisers Hyderabad,6,Kolkata Knight Riders,bat,Kolkata Knight Riders,Eden Gardens,wickets,6.0,125.0
Chennai Super Kings,Pune Warriors,6,Pune Warriors,bat,Pune Warriors,"MA Chidambaram Stadium, Chepauk",runs,24.0,160.0
Kings XI Punjab,Kolkata Knight Riders,6,Kolkata Knight Riders,field,Kings XI Punjab,"Punjab Cricket Association Stadium, Mohali",runs,4.0,158.0
Rajasthan Royals,Mumbai Indians,6,Rajasthan Royals,bat,Rajasthan Royals,Sawai Mansingh Stadium,runs,11.0,120.0
Pune Warriors,Sunrisers Hyderabad,6,Pune Warriors,field,Sunrisers Hyderabad,Maharashtra Cricket Association Stadium,runs,87.0,180.0
Delhi Daredevils,Chennai Super Kings,6,Chennai Super Kings,bat,Chennai Super Kings,Feroz Shah Kotla,runs,86.0,170.0
Sunrisers Hyderabad,Kings XI Punjab,6,Kings XI Punjab,bat,Sunrisers Hyderabad,"Rajiv Gandhi International Stadium, Uppal",wickets,5.0,124.0
Kolkata Knight Riders,Chennai Super Kings,6,Kolkata Knight Riders,bat,Chennai Super Kings,Eden Gardens,wickets,4.0,120.0
Royal Challengers Bangalore,Rajasthan Royals,6,Royal Challengers Bangalore,field,Royal Challengers Bangalore,M Chinnaswamy Stadium,wickets,7.0,118.0
Delhi Daredevils,Mumbai Indians,6,Mumbai Indians,bat,Delhi Daredevils,Feroz Shah Kotla,wickets,9.0,162.0
Kings XI Punjab,Pune Warriors,6,Kings XI Punjab,field,Kings XI Punjab,"Punjab Cricket Association Stadium, Mohali",wickets,7.0,186.0
Chennai Super Kings,Rajasthan Royals,6,Rajasthan Royals,bat,Chennai Super Kings,"MA Chidambaram Stadium, Chepauk",wickets,5.0,186.0
Delhi Daredevils,Kings XI Punjab,6,Kings XI Punjab,field,Kings XI Punjab,Feroz Shah Kotla,runs,130.0,264.0
Royal Challengers Bangalore,Pune Warriors,6,Pune Warriors,field,Royal Challengers Bangalore,M Chinnaswamy Stadium,wickets,5.0,121.0
Kolkata Knight Riders,Mumbai Indians,6,Kolkata Knight Riders,bat,Mumbai Indians,Eden Gardens,wickets,5.0,160.0
Chennai Super Kings,Sunrisers Hyderabad,6,Sunrisers Hyderabad,bat,Chennai Super Kings,"MA Chidambaram Stadium, Chepauk",wickets,5.0,160.0
Kolkata Knight Riders,Kings XI Punjab,6,Kings XI Punjab,bat,Kolkata Knight Riders,Eden Gardens,wickets,6.0,150.0
Rajasthan Royals,Sunrisers Hyderabad,6,Sunrisers Hyderabad,bat,Rajasthan Royals,Sawai Mansingh Stadium,wickets,8.0,145.0
Mumbai Indians,Royal Challengers Bangalore,6,Mumbai Indians,bat,Mumbai Indians,Wankhede Stadium,runs,58.0,195.0
Chennai Super Kings,Kolkata Knight Riders,6,Kolkata Knight Riders,field,Chennai Super Kings,"MA Chidambaram Stadium, Chepauk",runs,14.0,201.0
Delhi Daredevils,Pune Warriors,6,Pune Warriors,field,Delhi Daredevils,Shaheed Veer Narayan Singh International Stadium,runs,15.0,165.0
Mumbai Indians,Kings XI Punjab,6,Mumbai Indians,bat,Mumbai Indians,Wankhede Stadium,wickets,4.0,172.0
Rajasthan Royals,Royal Challengers Bangalore,6,Rajasthan Royals,field,Rajasthan Royals,Sawai Mansingh Stadium,runs,4.0,175.0
Pune Warriors,Chennai Super Kings,6,Chennai Super Kings,bat,Chennai Super Kings,Subrata Roy Sahara Stadium,runs,37.0,165.0
Delhi Daredevils,Kolkata Knight Riders,6,Kolkata Knight Riders,bat,Delhi Daredevils,Shaheed Veer Narayan Singh International Stadium,wickets,7.0,130.0
Sunrisers Hyderabad,Mumbai Indians,6,Mumbai Indians,bat,Sunrisers Hyderabad,"Rajiv Gandhi International Stadium, Uppal",wickets,7.0,137.0
Pune Warriors,Royal Challengers Bangalore,6,Royal Challengers Bangalore,bat,Royal Challengers Bangalore,Subrata Roy Sahara Stadium,runs,15.0,187.0
Chennai Super Kings,Kings XI Punjab,6,Chennai Super Kings,bat,Chennai Super Kings,"MA Chidambaram Stadium, Chepauk",runs,17.0,188.0
Kolkata Knight Riders,Rajasthan Royals,6,Rajasthan Royals,bat,Kolkata Knight Riders,Eden Gardens,wickets,8.0,133.0
Sunrisers Hyderabad,Delhi Daredevils,6,Delhi Daredevils,bat,Sunrisers Hyderabad,"Rajiv Gandhi International Stadium, Uppal",wickets,6.0,81.0
Rajasthan Royals,Pune Warriors,6,Pune Warriors,bat,Rajasthan Royals,Sawai Mansingh Stadium,runs,60.0,140.0
Mumbai Indians,Chennai Super Kings,6,Mumbai Indians,bat,Mumbai Indians,Wankhede Stadium,wickets,5.0,179.0
Kings XI Punjab,Royal Challengers Bangalore,6,Kings XI Punjab,field,Kings XI Punjab,"Punjab Cricket Association Stadium, Mohali",wickets,6.0,191.0
Rajasthan Royals,Delhi Daredevils,6,Delhi Daredevils,bat,Rajasthan Royals,Sawai Mansingh Stadium,wickets,9.0,155.0
Mumbai Indians,Kolkata Knight Riders,6,Mumbai Indians,bat,Mumbai Indians,Wankhede Stadium,runs,65.0,171.0
Sunrisers Hyderabad,Chennai Super Kings,6,Sunrisers Hyderabad,field,Chennai Super Kings,"Rajiv Gandhi International Stadium, Uppal",runs,77.0,224.0
Pune Warriors,Kolkata Knight Riders,6,Kolkata Knight Riders,bat,Kolkata Knight Riders,Subrata Roy Sahara Stadium,wickets,8.0,146.0
Kings XI Punjab,Rajasthan Royals,6,Rajasthan Royals,field,Rajasthan Royals,"Punjab Cricket Association Stadium, Mohali",runs,46.0,153.0
Delhi Daredevils,Royal Challengers Bangalore,6,Delhi Daredevils,field,Royal Challengers Bangalore,Feroz Shah Kotla,runs,4.0,184.0
Pune Warriors,Mumbai Indians,6,Pune Warriors,bat,Mumbai Indians,Subrata Roy Sahara Stadium,wickets,5.0,113.0
Kings XI Punjab,Sunrisers Hyderabad,6,Kings XI Punjab,field,Sunrisers Hyderabad,"Punjab Cricket Association Stadium, Mohali",runs,30.0,151.0
Rajasthan Royals,Chennai Super Kings,6,Rajasthan Royals,field,Rajasthan Royals,Sawai Mansingh Stadium,wickets,5.0,116.0
Kolkata Knight Riders,Royal Challengers Bangalore,6,Kolkata Knight Riders,field,Kolkata Knight Riders,JSCA International Stadium Complex,wickets,5.0,142.0
Mumbai Indians,Sunrisers Hyderabad,6,Sunrisers Hyderabad,bat,Mumbai Indians,Wankhede Stadium,wickets,7.0,179.0
Chennai Super Kings,Delhi Daredevils,6,Chennai Super Kings,bat,Chennai Super Kings,"MA Chidambaram Stadium, Chepauk",wickets,7.0,175.0
Royal Challengers Bangalore,Kings XI Punjab,6,Kings XI Punjab,field,Kings XI Punjab,M Chinnaswamy Stadium,runs,33.0,169.0
Mumbai Indians,Rajasthan Royals,6,Rajasthan Royals,field,Mumbai Indians,Wankhede Stadium,runs,7.0,171.0
Kolkata Knight Riders,Pune Warriors,6,Kolkata Knight Riders,field,Pune Warriors,JSCA International Stadium Complex,runs,14.0,167.0
Kings XI Punjab,Delhi Daredevils,6,Delhi Daredevils,field,Kings XI Punjab,Himachal Pradesh Cricket Association Stadium,runs,7.0,172.0
Sunrisers Hyderabad,Rajasthan Royals,6,Sunrisers Hyderabad,bat,Sunrisers Hyderabad,"Rajiv Gandhi International Stadium, Uppal",runs,23.0,137.0
Royal Challengers Bangalore,Chennai Super Kings,6,Chennai Super Kings,field,Royal Challengers Bangalore,M Chinnaswamy Stadium,runs,50.0,184.0
Kings XI Punjab,Mumbai Indians,6,Mumbai Indians,field,Kings XI Punjab,Himachal Pradesh Cricket Association Stadium,runs,24.0,107.0
Sunrisers Hyderabad,Kolkata Knight Riders,6,Kolkata Knight Riders,bat,Sunrisers Hyderabad,"Rajiv Gandhi International Stadium, Uppal",runs,38.0,173.0
Pune Warriors,Delhi Daredevils,6,Pune Warriors,bat,Pune Warriors,Subrata Roy Sahara Stadium,wickets,5.0,131.0
Chennai Super Kings,Mumbai Indians,6,Chennai Super Kings,bat,Chennai Super Kings,Feroz Shah Kotla,runs,48.0,193.0
Rajasthan Royals,Sunrisers Hyderabad,6,Sunrisers Hyderabad,bat,Rajasthan Royals,Feroz Shah Kotla,wickets,4.0,133.0
Mumbai Indians,Rajasthan Royals,6,Rajasthan Royals,bat,Mumbai Indians,Eden Gardens,wickets,4.0,166.0
Chennai Super Kings,Mumbai Indians,6,Mumbai Indians,bat,Mumbai Indians,Eden Gardens,runs,23.0,149.0
Mumbai Indians,Kolkata Knight Riders,7,Kolkata Knight Riders,bat,Kolkata Knight Riders,Sheikh Zayed Stadium,runs,41.0,164.0
Delhi Daredevils,Royal Challengers Bangalore,7,Royal Challengers Bangalore,field,Royal Challengers Bangalore,Sharjah Cricket Stadium,wickets,8.0,146.0
Sunrisers Hyderabad,Rajasthan Royals,7,Rajasthan Royals,field,Rajasthan Royals,Sheikh Zayed Stadium,wickets,6.0,206.0
Chennai Super Kings,Kings XI Punjab,7,Chennai Super Kings,bat,Kings XI Punjab,Sheikh Zayed Stadium,wickets,4.0,134.0
Kolkata Knight Riders,Delhi Daredevils,7,Kolkata Knight Riders,bat,Delhi Daredevils,Dubai International Cricket Stadium,wickets,7.0,116.0
Royal Challengers Bangalore,Mumbai Indians,7,Royal Challengers Bangalore,field,Royal Challengers Bangalore,Dubai International Cricket Stadium,wickets,4.0,167.0
Rajasthan Royals,Kings XI Punjab,7,Kings XI Punjab,field,Kings XI Punjab,Sharjah Cricket Stadium,wickets,7.0,192.0
Chennai Super Kings,Delhi Daredevils,7,Chennai Super Kings,bat,Chennai Super Kings,Sheikh Zayed Stadium,runs,93.0,178.0
Kings XI Punjab,Sunrisers Hyderabad,7,Sunrisers Hyderabad,field,Kings XI Punjab,Sharjah Cricket Stadium,runs,72.0,194.0
Rajasthan Royals,Chennai Super Kings,7,Rajasthan Royals,field,Chennai Super Kings,Dubai International Cricket Stadium,runs,7.0,141.0
Royal Challengers Bangalore,Kolkata Knight Riders,7,Royal Challengers Bangalore,field,Kolkata Knight Riders,Sharjah Cricket Stadium,runs,2.0,151.0
Sunrisers Hyderabad,Delhi Daredevils,7,Sunrisers Hyderabad,bat,Sunrisers Hyderabad,Dubai International Cricket Stadium,runs,4.0,185.0
Chennai Super Kings,Mumbai Indians,7,Mumbai Indians,bat,Chennai Super Kings,Dubai International Cricket Stadium,wickets,7.0,142.0
Rajasthan Royals,Royal Challengers Bangalore,7,Rajasthan Royals,field,Rajasthan Royals,Sheikh Zayed Stadium,wickets,6.0,71.0
Kolkata Knight Riders,Kings XI Punjab,7,Kolkata Knight Riders,field,Kings XI Punjab,Sheikh Zayed Stadium,runs,23.0,133.0
Sunrisers Hyderabad,Chennai Super Kings,7,Sunrisers Hyderabad,bat,Chennai Super Kings,Sharjah Cricket Stadium,wickets,6.0,126.0
Delhi Daredevils,Mumbai Indians,7,Mumbai Indians,bat,Delhi Daredevils,Sharjah Cricket Stadium,wickets,5.0,146.0
Kings XI Punjab,Royal Challengers Bangalore,7,Kings XI Punjab,field,Kings XI Punjab,Dubai International Cricket Stadium,wickets,5.0,125.0
Mumbai Indians,Sunrisers Hyderabad,7,Mumbai Indians,field,Sunrisers Hyderabad,Dubai International Cricket Stadium,runs,15.0,173.0
Chennai Super Kings,Kolkata Knight Riders,7,Chennai Super Kings,bat,Chennai Super Kings,JSCA International Stadium Complex,runs,34.0,149.0
Mumbai Indians,Kings XI Punjab,7,Kings XI Punjab,bat,Mumbai Indians,Wankhede Stadium,wickets,5.0,169.0
Delhi Daredevils,Rajasthan Royals,7,Rajasthan Royals,field,Rajasthan Royals,Feroz Shah Kotla,wickets,7.0,153.0
Royal Challengers Bangalore,Sunrisers Hyderabad,7,Royal Challengers Bangalore,field,Royal Challengers Bangalore,M Chinnaswamy Stadium,wickets,4.0,156.0
Delhi Daredevils,Chennai Super Kings,7,Chennai Super Kings,field,Chennai Super Kings,Feroz Shah Kotla,runs,10.0,171.0
Rajasthan Royals,Kolkata Knight Riders,7,Kolkata Knight Riders,field,Rajasthan Royals,"Sardar Patel Stadium, Motera",wickets,8.0,179.0
Mumbai Indians,Royal Challengers Bangalore,7,Royal Challengers Bangalore,field,Mumbai Indians,Wankhede Stadium,runs,19.0,188.0
Kings XI Punjab,Chennai Super Kings,7,Chennai Super Kings,field,Kings XI Punjab,Barabati Stadium,wickets,8.0,161.0
Delhi Daredevils,Kolkata Knight Riders,7,Delhi Daredevils,bat,Kolkata Knight Riders,Feroz Shah Kotla,runs,44.0,232.0
Rajasthan Royals,Sunrisers Hyderabad,7,Rajasthan Royals,field,Sunrisers Hyderabad,"Sardar Patel Stadium, Motera",runs,32.0,135.0
Royal Challengers Bangalore,Kings XI Punjab,7,Royal Challengers Bangalore,field,Kings XI Punjab,M Chinnaswamy Stadium,runs,32.0,199.0
Mumbai Indians,Chennai Super Kings,7,Chennai Super Kings,field,Chennai Super Kings,Wankhede Stadium,wickets,8.0,43.0
Delhi Daredevils,Sunrisers Hyderabad,7,Sunrisers Hyderabad,field,Sunrisers Hyderabad,Feroz Shah Kotla,wickets,4.0,158.0
Royal Challengers Bangalore,Rajasthan Royals,7,Royal Challengers Bangalore,bat,Rajasthan Royals,M Chinnaswamy Stadium,wickets,9.0,150.0
Kings XI Punjab,Kolkata Knight Riders,7,Kolkata Knight Riders,field,Kolkata Knight Riders,Barabati Stadium,wickets,5.0,191.0
Sunrisers Hyderabad,Mumbai Indians,7,Sunrisers Hyderabad,bat,Mumbai Indians,"Rajiv Gandhi International Stadium, Uppal",wickets,7.0,158.0
Royal Challengers Bangalore,Delhi Daredevils,7,Delhi Daredevils,field,Royal Challengers Bangalore,M Chinnaswamy Stadium,wickets,5.0,149.0
Chennai Super Kings,Rajasthan Royals,7,Rajasthan Royals,bat,Chennai Super Kings,JSCA International Stadium Complex,runs,16.0,187.0
Kolkata Knight Riders,Mumbai Indians,7,Kolkata Knight Riders,field,Kolkata Knight Riders,Barabati Stadium,wickets,6.0,206.0
Sunrisers Hyderabad,Kings XI Punjab,7,Kings XI Punjab,field,Kings XI Punjab,"Rajiv Gandhi International Stadium, Uppal",wickets,6.0,142.0
Rajasthan Royals,Delhi Daredevils,7,Delhi Daredevils,field,Rajasthan Royals,"Sardar Patel Stadium, Motera",runs,62.0,202.0
Chennai Super Kings,Royal Challengers Bangalore,7,Chennai Super Kings,bat,Royal Challengers Bangalore,JSCA International Stadium Complex,wickets,5.0,139.0
Sunrisers Hyderabad,Kolkata Knight Riders,7,Sunrisers Hyderabad,bat,Kolkata Knight Riders,"Rajiv Gandhi International Stadium, Uppal",wickets,7.0,143.0
Rajasthan Royals,Mumbai Indians,7,Mumbai Indians,bat,Mumbai Indians,"Sardar Patel Stadium, Motera",runs,25.0,179.0
Delhi Daredevils,Kings XI Punjab,7,Kings XI Punjab,field,Kings XI Punjab,Feroz Shah Kotla,wickets,4.0,165.0
Kolkata Knight Riders,Chennai Super Kings,7,Kolkata Knight Riders,field,Kolkata Knight Riders,Eden Gardens,wickets,7.0,161.0
Sunrisers Hyderabad,Royal Challengers Bangalore,7,Royal Challengers Bangalore,bat,Sunrisers Hyderabad,"Rajiv Gandhi International Stadium, Uppal",wickets,8.0,155.0
Kings XI Punjab,Mumbai Indians,7,Mumbai Indians,field,Mumbai Indians,"Punjab Cricket Association Stadium, Mohali",wickets,7.0,157.0
Kolkata Knight Riders,Royal Challengers Bangalore,7,Royal Challengers Bangalore,field,Kolkata Knight Riders,Eden Gardens,runs,30.0,196.0
Chennai Super Kings,Sunrisers Hyderabad,7,Sunrisers Hyderabad,field,Sunrisers Hyderabad,JSCA International Stadium Complex,wickets,6.0,186.0
Kings XI Punjab,Rajasthan Royals,7,Rajasthan Royals,field,Kings XI Punjab,"Punjab Cricket Association Stadium, Mohali",runs,15.0,174.0
Mumbai Indians,Delhi Daredevils,7,Delhi Daredevils,field,Mumbai Indians,Wankhede Stadium,runs,16.0,180.0
Royal Challengers Bangalore,Chennai Super Kings,7,Chennai Super Kings,field,Chennai Super Kings,M Chinnaswamy Stadium,wickets,8.0,155.0
Kolkata Knight Riders,Sunrisers Hyderabad,7,Kolkata Knight Riders,field,Kolkata Knight Riders,Eden Gardens,wickets,4.0,161.0
Kings XI Punjab,Delhi Daredevils,7,Kings XI Punjab,field,Kings XI Punjab,"Punjab Cricket Association Stadium, Mohali",wickets,7.0,116.0
Mumbai Indians,Rajasthan Royals,7,Mumbai Indians,field,Mumbai Indians,Wankhede Stadium,wickets,5.0,190.0
Kings XI Punjab,Kolkata Knight Riders,7,Kings XI Punjab,field,Kolkata Knight Riders,Eden Gardens,runs,28.0,164.0
Chennai Super Kings,Mumbai Indians,7,Chennai Super Kings,field,Chennai Super Kings,Brabourne Stadium,wickets,7.0,174.0
Chennai Super Kings,Kings XI Punjab,7,Chennai Super Kings,field,Kings XI Punjab,Wankhede Stadium,runs,24.0,227.0
Kolkata Knight Riders,Kings XI Punjab,7,Kolkata Knight Riders,field,Kolkata Knight Riders,M Chinnaswamy Stadium,wickets,3.0,200.0
Kolkata Knight Riders,Mumbai Indians,8,Kolkata Knight Riders,field,Kolkata Knight Riders,Eden Gardens,wickets,7.0,169.0
Chennai Super Kings,Delhi Daredevils,8,Delhi Daredevils,field,Chennai Super Kings,"MA Chidambaram Stadium, Chepauk",runs,1.0,151.0
Kings XI Punjab,Rajasthan Royals,8,Kings XI Punjab,field,Rajasthan Royals,Maharashtra Cricket Association Stadium,runs,26.0,163.0
Chennai Super Kings,Sunrisers Hyderabad,8,Chennai Super Kings,bat,Chennai Super Kings,"MA Chidambaram Stadium, Chepauk",runs,45.0,210.0
Kolkata Knight Riders,Royal Challengers Bangalore,8,Royal Challengers Bangalore,field,Royal Challengers Bangalore,Eden Gardens,wickets,3.0,178.0
Mumbai Indians,Kings XI Punjab,8,Mumbai Indians,field,Kings XI Punjab,Wankhede Stadium,wickets,3.0,185.0
Delhi Daredevils,Rajasthan Royals,8,Rajasthan Royals,field,Rajasthan Royals,Feroz Shah Kotla,runs,18.0,178.0
Royal Challengers Bangalore,Sunrisers Hyderabad,8,Sunrisers Hyderabad,field,Sunrisers Hyderabad,M Chinnaswamy Stadium,wickets,8.0,167.0
Rajasthan Royals,Mumbai Indians,8,Mumbai Indians,bat,Rajasthan Royals,"Sardar Patel Stadium, Motera",wickets,7.0,165.0
Kings XI Punjab,Delhi Daredevils,8,Kings XI Punjab,bat,Delhi Daredevils,Maharashtra Cricket Association Stadium,wickets,5.0,166.0
Sunrisers Hyderabad,Rajasthan Royals,8,Rajasthan Royals,field,Rajasthan Royals,Dr. Y.S. Rajasekhara Reddy ACA-VDCA Cricket Stadium,wickets,6.0,128.0
Mumbai Indians,Chennai Super Kings,8,Mumbai Indians,bat,Chennai Super Kings,Wankhede Stadium,wickets,6.0,184.0
Kings XI Punjab,Kolkata Knight Riders,8,Kolkata Knight Riders,field,Kolkata Knight Riders,Maharashtra Cricket Association Stadium,runs,4.0,168.0
Sunrisers Hyderabad,Delhi Daredevils,8,Delhi Daredevils,bat,Delhi Daredevils,Dr. Y.S. Rajasekhara Reddy ACA-VDCA Cricket Stadium,wickets,4.0,156.0
Rajasthan Royals,Chennai Super Kings,8,Chennai Super Kings,bat,Rajasthan Royals,"Sardar Patel Stadium, Motera",wickets,8.0,157.0
Royal Challengers Bangalore,Mumbai Indians,8,Royal Challengers Bangalore,field,Mumbai Indians,M Chinnaswamy Stadium,runs,18.0,210.0
Delhi Daredevils,Kolkata Knight Riders,8,Kolkata Knight Riders,field,Kolkata Knight Riders,Feroz Shah Kotla,wickets,6.0,147.0
Sunrisers Hyderabad,Kolkata Knight Riders,8,Kolkata Knight Riders,field,Sunrisers Hyderabad,Dr. Y.S. Rajasekhara Reddy ACA-VDCA Cricket Stadium,runs,16.0,118.0
Royal Challengers Bangalore,Chennai Super Kings,8,Royal Challengers Bangalore,field,Chennai Super Kings,M Chinnaswamy Stadium,runs,27.0,182.0
Delhi Daredevils,Mumbai Indians,8,Mumbai Indians,field,Delhi Daredevils,Feroz Shah Kotla,runs,37.0,191.0
Rajasthan Royals,Royal Challengers Bangalore,8,Royal Challengers Bangalore,field,Royal Challengers Bangalore,"Sardar Patel Stadium, Motera",wickets,9.0,131.0
Mumbai Indians,Sunrisers Hyderabad,8,Mumbai Indians,bat,Mumbai Indians,Wankhede Stadium,runs,20.0,158.0
Chennai Super Kings,Kings XI Punjab,8,Chennai Super Kings,bat,Chennai Super Kings,"MA Chidambaram Stadium, Chepauk",runs,97.0,193.0
Delhi Daredevils,Royal Challengers Bangalore,8,Royal Challengers Bangalore,field,Royal Challengers Bangalore,Feroz Shah Kotla,wickets,10.0,96.0
Kings XI Punjab,Sunrisers Hyderabad,8,Kings XI Punjab,field,Sunrisers Hyderabad,"Punjab Cricket Association Stadium, Mohali",runs,20.0,151.0
Chennai Super Kings,Kolkata Knight Riders,8,Kolkata Knight Riders,field,Chennai Super Kings,"MA Chidambaram Stadium, Chepauk",runs,2.0,135.0
Kolkata Knight Riders,Chennai Super Kings,8,Kolkata Knight Riders,field,Kolkata Knight Riders,Eden Gardens,wickets,7.0,166.0
Delhi Daredevils,Kings XI Punjab,8,Delhi Daredevils,field,Delhi Daredevils,Feroz Shah Kotla,wickets,9.0,119.0
Mumbai Indians,Rajasthan Royals,8,Rajasthan Royals,field,Mumbai Indians,Wankhede Stadium,runs,8.0,188.0
Sunrisers Hyderabad,Chennai Super Kings,8,Chennai Super Kings,field,Sunrisers Hyderabad,"Rajiv Gandhi International Stadium, Uppal",wickets,7.0,112.0
Royal Challengers Bangalore,Kolkata Knight Riders,8,Royal Challengers Bangalore,field,Royal Challengers Bangalore,M Chinnaswamy Stadium,runs,22.0,193.0
Rajasthan Royals,Delhi Daredevils,8,Delhi Daredevils,field,Rajasthan Royals,Brabourne Stadium,runs,23.0,173.0
Kings XI Punjab,Mumbai Indians,8,Mumbai Indians,bat,Mumbai Indians,"Punjab Cricket Association Stadium, Mohali",runs,14.0,190.0
Chennai Super Kings,Royal Challengers Bangalore,8,Chennai Super Kings,bat,Chennai Super Kings,"MA Chidambaram Stadium, Chepauk",runs,24.0,149.0
Kolkata Knight Riders,Sunrisers Hyderabad,8,Sunrisers Hyderabad,field,Kolkata Knight Riders,Eden Gardens,runs,35.0,168.0
Mumbai Indians,Delhi Daredevils,8,Delhi Daredevils,bat,Mumbai Indians,Wankhede Stadium,wickets,5.0,153.0
Royal Challengers Bangalore,Kings XI Punjab,8,Kings XI Punjab,field,Royal Challengers Bangalore,M Chinnaswamy Stadium,runs,138.0,227.0
Rajasthan Royals,Sunrisers Hyderabad,8,Rajasthan Royals,field,Sunrisers Hyderabad,Brabourne Stadium,runs,13.0,172.0
Kolkata Knight Riders,Delhi Daredevils,8,Kolkata Knight Riders,bat,Kolkata Knight Riders,Eden Gardens,runs,7.0,202.0
Chennai Super Kings,Mumbai Indians,8,Chennai Super Kings,bat,Mumbai Indians,"MA Chidambaram Stadium, Chepauk",wickets,6.0,159.0
Kolkata Knight Riders,Kings XI Punjab,8,Kings XI Punjab,bat,Kolkata Knight Riders,Eden Gardens,wickets,1.0,184.0
Delhi Daredevils,Sunrisers Hyderabad,8,Sunrisers Hyderabad,bat,Sunrisers Hyderabad,Shaheed Veer Narayan Singh International Stadium,runs,6.0,164.0
Mumbai Indians,Royal Challengers Bangalore,8,Royal Challengers Bangalore,bat,Royal Challengers Bangalore,Wankhede Stadium,runs,39.0,236.0
Chennai Super Kings,Rajasthan Royals,8,Chennai Super Kings,bat,Chennai Super Kings,"MA Chidambaram Stadium, Chepauk",runs,12.0,158.0
Sunrisers Hyderabad,Kings XI Punjab,8,Sunrisers Hyderabad,bat,Sunrisers Hyderabad,"Rajiv Gandhi International Stadium, Uppal",runs,5.0,186.0
Delhi Daredevils,Chennai Super Kings,8,Chennai Super Kings,bat,Delhi Daredevils,Shaheed Veer Narayan Singh International Stadium,wickets,6.0,120.0
Kings XI Punjab,Royal Challengers Bangalore,8,Royal Challengers Bangalore,field,Kings XI Punjab,"Punjab Cricket Association Stadium, Mohali",runs,22.0,107.0
Mumbai Indians,Kolkata Knight Riders,8,Kolkata Knight Riders,field,Mumbai Indians,Wankhede Stadium,runs,5.0,172.0
Sunrisers Hyderabad,Royal Challengers Bangalore,8,Sunrisers Hyderabad,bat,Royal Challengers Bangalore,"Rajiv Gandhi International Stadium, Uppal",wickets,6.0,81.0
Rajasthan Royals,Kolkata Knight Riders,8,Rajasthan Royals,bat,Rajasthan Royals,Brabourne Stadium,wickets,7.0,131.0
Kings XI Punjab,Chennai Super Kings,8,Kings XI Punjab,bat,Chennai Super Kings,"Punjab Cricket Association Stadium, Mohali",runs,9.0,200.0
Sunrisers Hyderabad,Mumbai Indians,8,Sunrisers Hyderabad,bat,Mumbai Indians,"Rajiv Gandhi International Stadium, Uppal",wickets,9.0,114.0
Chennai Super Kings,Mumbai Indians,8,Mumbai Indians,bat,Mumbai Indians,Wankhede Stadium,runs,25.0,188.0
Royal Challengers Bangalore,Rajasthan Royals,8,Royal Challengers Bangalore,bat,Royal Challengers Bangalore,Maharashtra Cricket Association Stadium,runs,71.0,181.0
Chennai Super Kings,Royal Challengers Bangalore,8,Chennai Super Kings,field,Chennai Super Kings,JSCA International Stadium Complex,wickets,3.0,140.0
Mumbai Indians,Chennai Super Kings,8,Chennai Super Kings,field,Mumbai Indians,Eden Gardens,runs,41.0,203.0
Mumbai Indians,Rising Pune Supergiants,9,Mumbai Indians,bat,Rising Pune Supergiants,Wankhede Stadium,wickets,9.0,122.0
Kolkata Knight Riders,Delhi Daredevils,9,Kolkata Knight Riders,field,Kolkata Knight Riders,Eden Gardens,wickets,9.0,99.0
Kings XI Punjab,Gujarat Lions,9,Gujarat Lions,field,Gujarat Lions,"Punjab Cricket Association IS Bindra Stadium, Mohali",wickets,5.0,162.0
Royal Challengers Bangalore,Sunrisers Hyderabad,9,Sunrisers Hyderabad,field,Royal Challengers Bangalore,M Chinnaswamy Stadium,runs,45.0,228.0
Kolkata Knight Riders,Mumbai Indians,9,Mumbai Indians,field,Mumbai Indians,Eden Gardens,wickets,6.0,188.0
Gujarat Lions,Rising Pune Supergiants,9,Rising Pune Supergiants,bat,Gujarat Lions,Saurashtra Cricket Association Stadium,wickets,7.0,164.0
Delhi Daredevils,Kings XI Punjab,9,Delhi Daredevils,field,Delhi Daredevils,Feroz Shah Kotla,wickets,8.0,112.0
Sunrisers Hyderabad,Kolkata Knight Riders,9,Sunrisers Hyderabad,bat,Kolkata Knight Riders,"Rajiv Gandhi International Stadium, Uppal",wickets,8.0,143.0
Mumbai Indians,Gujarat Lions,9,Gujarat Lions,field,Gujarat Lions,Wankhede Stadium,wickets,3.0,144.0
Kings XI Punjab,Rising Pune Supergiants,9,Rising Pune Supergiants,bat,Kings XI Punjab,"Punjab Cricket Association IS Bindra Stadium, Mohali",wickets,6.0,153.0
Royal Challengers Bangalore,Delhi Daredevils,9,Delhi Daredevils,field,Delhi Daredevils,M Chinnaswamy Stadium,wickets,7.0,192.0
Sunrisers Hyderabad,Mumbai Indians,9,Sunrisers Hyderabad,field,Sunrisers Hyderabad,"Rajiv Gandhi International Stadium, Uppal",wickets,7.0,143.0
Kings XI Punjab,Kolkata Knight Riders,9,Kolkata Knight Riders,field,Kolkata Knight Riders,"Punjab Cricket Association IS Bindra Stadium, Mohali",wickets,6.0,139.0
Mumbai Indians,Royal Challengers Bangalore,9,Mumbai Indians,field,Mumbai Indians,Wankhede Stadium,wickets,6.0,171.0
Gujarat Lions,Sunrisers Hyderabad,9,Sunrisers Hyderabad,field,Sunrisers Hyderabad,Saurashtra Cricket Association Stadium,wickets,10.0,136.0
Rising Pune Supergiants,Royal Challengers Bangalore,9,Rising Pune Supergiants,field,Royal Challengers Bangalore,Maharashtra Cricket Association Stadium,runs,13.0,186.0
Sunrisers Hyderabad,Kings XI Punjab,9,Sunrisers Hyderabad,field,Sunrisers Hyderabad,"Rajiv Gandhi International Stadium, Uppal",runs,10.0,165.0
Delhi Daredevils,Mumbai Indians,9,Mumbai Indians,field,Delhi Daredevils,Feroz Shah Kotla,wickets,5.0,144.0
Rising Pune Supergiants,Kolkata Knight Riders,9,Kolkata Knight Riders,field,Kolkata Knight Riders,Maharashtra Cricket Association Stadium,wickets,6.0,181.0
Gujarat Lions,Royal Challengers Bangalore,9,Royal Challengers Bangalore,bat,Gujarat Lions,Saurashtra Cricket Association Stadium,wickets,2.0,161.0
Kings XI Punjab,Mumbai Indians,9,Kings XI Punjab,field,Mumbai Indians,"Punjab Cricket Association IS Bindra Stadium, Mohali",runs,25.0,190.0
Sunrisers Hyderabad,Rising Pune Supergiants,9,Rising Pune Supergiants,field,Rising Pune Supergiants,"Rajiv Gandhi International Stadium, Uppal",runs,34.0,61.0
Delhi Daredevils,Gujarat Lions,9,Delhi Daredevils,field,Gujarat Lions,Feroz Shah Kotla,runs,1.0,173.0
Mumbai Indians,Kolkata Knight Riders,9,Mumbai Indians,field,Mumbai Indians,Wankhede Stadium,wickets,6.0,175.0
Rising Pune Supergiants,Gujarat Lions,9,Gujarat Lions,field,Gujarat Lions,Maharashtra Cricket Association Stadium,wickets,3.0,196.0
Sunrisers Hyderabad,Royal Challengers Bangalore,9,Royal Challengers Bangalore,field,Sunrisers Hyderabad,"Rajiv Gandhi International Stadium, Uppal",runs,27.0,187.0
Delhi Daredevils,Kolkata Knight Riders,9,Kolkata Knight Riders,field,Delhi Daredevils,Feroz Shah Kotla,runs,15.0,195.0
Gujarat Lions,Kings XI Punjab,9,Gujarat Lions,field,Kings XI Punjab,Saurashtra Cricket Association Stadium,runs,23.0,155.0
Rising Pune Supergiants,Mumbai Indians,9,Mumbai Indians,field,Mumbai Indians,Maharashtra Cricket Association Stadium,wickets,8.0,160.0
Royal Challengers Bangalore,Kolkata Knight Riders,9,Kolkata Knight Riders,field,Kolkata Knight Riders,M Chinnaswamy Stadium,wickets,5.0,186.0
Gujarat Lions,Delhi Daredevils,9,Delhi Daredevils,field,Delhi Daredevils,Saurashtra Cricket Association Stadium,wickets,8.0,150.0
Kolkata Knight Riders,Kings XI Punjab,9,Kings XI Punjab,field,Kolkata Knight Riders,Eden Gardens,runs,7.0,165.0
Delhi Daredevils,Rising Pune Supergiants,9,Rising Pune Supergiants,field,Rising Pune Supergiants,Feroz Shah Kotla,wickets,7.0,163.0
Sunrisers Hyderabad,Gujarat Lions,9,Sunrisers Hyderabad,field,Sunrisers Hyderabad,"Rajiv Gandhi International Stadium, Uppal",wickets,5.0,127.0
Kings XI Punjab,Delhi Daredevils,9,Delhi Daredevils,field,Kings XI Punjab,"Punjab Cricket Association IS Bindra Stadium, Mohali",wickets,7.0,192.0
Royal Challengers Bangalore,Rising Pune Supergiants,9,Royal Challengers Bangalore,field,Royal Challengers Bangalore,M Chinnaswamy Stadium,runs,9.0,182.0
Kolkata Knight Riders,Gujarat Lions,9,Gujarat Lions,field,Gujarat Lions,Eden Gardens,runs,85.0,178.0
Mumbai Indians,Sunrisers Hyderabad,9,Mumbai Indians,field,Sunrisers Hyderabad,Dr. Y.S. Rajasekhara Reddy ACA-VDCA Cricket Stadium,wickets,5.0,159.0
Kings XI Punjab,Royal Challengers Bangalore,9,Kings XI Punjab,field,Royal Challengers Bangalore,"Punjab Cricket Association IS Bindra Stadium, Mohali",runs,1.0,176.0
Rising Pune Supergiants,Sunrisers Hyderabad,9,Sunrisers Hyderabad,bat,Sunrisers Hyderabad,Dr. Y.S. Rajasekhara Reddy ACA-VDCA Cricket Stadium,runs,4.0,138.0
Royal Challengers Bangalore,Mumbai Indians,9,Mumbai Indians,field,Mumbai Indians,M Chinnaswamy Stadium,wickets,6.0,152.0
Sunrisers Hyderabad,Delhi Daredevils,9,Delhi Daredevils,field,Delhi Daredevils,"Rajiv Gandhi International Stadium, Uppal",wickets,7.0,147.0
Mumbai Indians,Kings XI Punjab,9,Mumbai Indians,bat,Kings XI Punjab,Dr. Y.S. Rajasekhara Reddy ACA-VDCA Cricket Stadium,wickets,7.0,125.0
Royal Challengers Bangalore,Gujarat Lions,9,Gujarat Lions,field,Royal Challengers Bangalore,M Chinnaswamy Stadium,runs,144.0,249.0
Kolkata Knight Riders,Rising Pune Supergiants,9,Rising Pune Supergiants,bat,Kolkata Knight Riders,Eden Gardens,wickets,8.0,66.0
Kings XI Punjab,Sunrisers Hyderabad,9,Kings XI Punjab,bat,Sunrisers Hyderabad,"Punjab Cricket Association IS Bindra Stadium, Mohali",wickets,7.0,180.0
Mumbai Indians,Delhi Daredevils,9,Delhi Daredevils,field,Mumbai Indians,Dr. Y.S. Rajasekhara Reddy ACA-VDCA Cricket Stadium,runs,80.0,207.0
Kolkata Knight Riders,Royal Challengers Bangalore,9,Royal Challengers Bangalore,field,Royal Challengers Bangalore,Eden Gardens,wickets,9.0,184.0
Rising Pune Supergiants,Delhi Daredevils,9,Rising Pune Supergiants,field,Rising Pune Supergiants,Dr. Y.S. Rajasekhara Reddy ACA-VDCA Cricket Stadium,runs,19.0,58.0
Royal Challengers Bangalore,Kings XI Punjab,9,Kings XI Punjab,field,Royal Challengers Bangalore,M Chinnaswamy Stadium,runs,82.0,203.0
Gujarat Lions,Kolkata Knight Riders,9,Gujarat Lions,field,Gujarat Lions,Green Park,wickets,6.0,125.0
Delhi Daredevils,Sunrisers Hyderabad,9,Delhi Daredevils,field,Delhi Daredevils,Shaheed Veer Narayan Singh International Stadium,wickets,6.0,159.0
Rising Pune Supergiants,Kings XI Punjab,9,Kings XI Punjab,bat,Rising Pune Supergiants,Dr. Y.S. Rajasekhara Reddy ACA-VDCA Cricket Stadium,wickets,4.0,173.0
Gujarat Lions,Mumbai Indians,9,Gujarat Lions,field,Gujarat Lions,Green Park,wickets,6.0,173.0
Kolkata Knight Riders,Sunrisers Hyderabad,9,Sunrisers Hyderabad,field,Kolkata Knight Riders,Eden Gardens,runs,22.0,172.0
Delhi Daredevils,Royal Challengers Bangalore,9,Royal Challengers Bangalore,field,Royal Challengers Bangalore,Shaheed Veer Narayan Singh International Stadium,wickets,6.0,139.0
Gujarat Lions,Royal Challengers Bangalore,9,Royal Challengers Bangalore,field,Royal Challengers Bangalore,M Chinnaswamy Stadium,wickets,4.0,159.0
Sunrisers Hyderabad,Kolkata Knight Riders,9,Kolkata Knight Riders,field,Sunrisers Hyderabad,Feroz Shah Kotla,runs,22.0,163.0
Gujarat Lions,Sunrisers Hyderabad,9,Sunrisers Hyderabad,field,Sunrisers Hyderabad,Feroz Shah Kotla,wickets,4.0,163.0
Royal Challengers Bangalore,Sunrisers Hyderabad,9,Sunrisers Hyderabad,bat,Sunrisers Hyderabad,M Chinnaswamy Stadium,runs,8.0,209.0
Sunrisers Hyderabad,Royal Challengers Bangalore,10,Royal Challengers Bangalore,field,Sunrisers Hyderabad,"Rajiv Gandhi International Stadium, Uppal",runs,35.0,208.0
Rising Pune Supergiant,Mumbai Indians,10,Rising Pune Supergiant,field,Rising Pune Supergiant,Maharashtra Cricket Association Stadium,wickets,7.0,185.0
Gujarat Lions,Kolkata Knight Riders,10,Kolkata Knight Riders,field,Kolkata Knight Riders,Saurashtra Cricket Association Stadium,wickets,10.0,184.0
Royal Challengers Bangalore,Delhi Daredevils,10,Royal Challengers Bangalore,bat,Royal Challengers Bangalore,M.Chinnaswamy Stadium,wickets,6.0,164.0
Kings XI Punjab,Rising Pune Supergiant,10,Kings XI Punjab,field,Kings XI Punjab,Holkar Cricket Stadium,runs,15.0,158.0
Sunrisers Hyderabad,Gujarat Lions,10,Sunrisers Hyderabad,field,Sunrisers Hyderabad,"Rajiv Gandhi International Stadium, Uppal",wickets,9.0,136.0
Mumbai Indians,Kolkata Knight Riders,10,Mumbai Indians,field,Mumbai Indians,Wankhede Stadium,wickets,4.0,179.0
Kings XI Punjab,Royal Challengers Bangalore,10,Royal Challengers Bangalore,bat,Kings XI Punjab,Holkar Cricket Stadium,wickets,8.0,149.0
Rising Pune Supergiant,Delhi Daredevils,10,Rising Pune Supergiant,field,Delhi Daredevils,Maharashtra Cricket Association Stadium,runs,97.0,206.0
Mumbai Indians,Sunrisers Hyderabad,10,Mumbai Indians,field,Mumbai Indians,Wankhede Stadium,wickets,4.0,159.0
Kolkata Knight Riders,Kings XI Punjab,10,Kolkata Knight Riders,field,Kolkata Knight Riders,Eden Gardens,wickets,8.0,171.0
Royal Challengers Bangalore,Mumbai Indians,10,Mumbai Indians,field,Mumbai Indians,M Chinnaswamy Stadium,wickets,4.0,143.0
Gujarat Lions,Rising Pune Supergiant,10,Gujarat Lions,field,Gujarat Lions,Saurashtra Cricket Association Stadium,wickets,7.0,172.0
Delhi Daredevils,Kings XI Punjab,10,Delhi Daredevils,bat,Delhi Daredevils,Feroz Shah Kotla,runs,17.0,173.0
Kolkata Knight Riders,Sunrisers Hyderabad,10,Sunrisers Hyderabad,field,Kolkata Knight Riders,Eden Gardens,runs,51.0,189.0
Royal Challengers Bangalore,Rising Pune Supergiant,10,Royal Challengers Bangalore,field,Rising Pune Supergiant,M Chinnaswamy Stadium,wickets,6.0,177.0
Mumbai Indians,Gujarat Lions,10,Mumbai Indians,field,Mumbai Indians,Wankhede Stadium,runs,27.0,162.0
Delhi Daredevils,Kolkata Knight Riders,10,Delhi Daredevils,bat,Kolkata Knight Riders,Feroz Shah Kotla,wickets,4.0,169.0
Sunrisers Hyderabad,Kings XI Punjab,10,Kings XI Punjab,field,Sunrisers Hyderabad,"Rajiv Gandhi International Stadium, Uppal",runs,5.0,160.0
Gujarat Lions,Royal Challengers Bangalore,10,Gujarat Lions,field,Royal Challengers Bangalore,Saurashtra Cricket Association Stadium,runs,21.0,214.0
Sunrisers Hyderabad,Delhi Daredevils,10,Sunrisers Hyderabad,bat,Sunrisers Hyderabad,"Rajiv Gandhi International Stadium, Uppal",runs,15.0,192.0
Kings XI Punjab,Mumbai Indians,10,Mumbai Indians,field,Mumbai Indians,Holkar Cricket Stadium,wickets,8.0,199.0
Kolkata Knight Riders,Gujarat Lions,10,Gujarat Lions,field,Gujarat Lions,Eden Gardens,wickets,4.0,188.0
Rising Pune Supergiant,Sunrisers Hyderabad,10,Rising Pune Supergiant,field,Rising Pune Supergiant,Maharashtra Cricket Association Stadium,runs,14.0,143.0
Mumbai Indians,Delhi Daredevils,10,Delhi Daredevils,field,Mumbai Indians,Wankhede Stadium,wickets,6.0,177.0
Kolkata Knight Riders,Royal Challengers Bangalore,10,Royal Challengers Bangalore,field,Kolkata Knight Riders,Eden Gardens,runs,26.0,189.0
Gujarat Lions,Kings XI Punjab,10,Gujarat Lions,field,Kings XI Punjab,Saurashtra Cricket Association Stadium,runs,82.0,132.0
Mumbai Indians,Rising Pune Supergiant,10,Mumbai Indians,field,Rising Pune Supergiant,Wankhede Stadium,runs,3.0,161.0
Rising Pune Supergiant,Kolkata Knight Riders,10,Kolkata Knight Riders,field,Kolkata Knight Riders,Maharashtra Cricket Association Stadium,wickets,7.0,183.0
Royal Challengers Bangalore,Gujarat Lions,10,Gujarat Lions,field,Gujarat Lions,M Chinnaswamy Stadium,wickets,7.0,135.0
Kings XI Punjab,Sunrisers Hyderabad,10,Kings XI Punjab,field,Sunrisers Hyderabad,"Punjab Cricket Association IS Bindra Stadium, Mohali",wickets,7.0,161.0
Kolkata Knight Riders,Delhi Daredevils,10,Kolkata Knight Riders,field,Kolkata Knight Riders,Eden Gardens,runs,26.0,208.0
Rising Pune Supergiant,Royal Challengers Bangalore,10,Royal Challengers Bangalore,field,Rising Pune Supergiant,Maharashtra Cricket Association Stadium,runs,61.0,158.0
Sunrisers Hyderabad,Kolkata Knight Riders,10,Kolkata Knight Riders,field,Sunrisers Hyderabad,"Rajiv Gandhi International Stadium, Uppal",wickets,10.0,68.0
Kings XI Punjab,Delhi Daredevils,10,Kings XI Punjab,field,Kings XI Punjab,"Punjab Cricket Association IS Bindra Stadium, Mohali",runs,48.0,210.0
Rising Pune Supergiant,Gujarat Lions,10,Rising Pune Supergiant,field,Rising Pune Supergiant,Maharashtra Cricket Association Stadium,wickets,5.0,163.0
Mumbai Indians,Royal Challengers Bangalore,10,Royal Challengers Bangalore,bat,Mumbai Indians,Wankhede Stadium,wickets,5.0,162.0
Delhi Daredevils,Sunrisers Hyderabad,10,Delhi Daredevils,field,Delhi Daredevils,Feroz Shah Kotla,wickets,6.0,186.0
Kolkata Knight Riders,Rising Pune Supergiant,10,Rising Pune Supergiant,field,Rising Pune Supergiant,Eden Gardens,wickets,4.0,156.0
Delhi Daredevils,Gujarat Lions,10,Delhi Daredevils,field,Delhi Daredevils,Feroz Shah Kotla,wickets,7.0,209.0
Royal Challengers Bangalore,Kings XI Punjab,10,Royal Challengers Bangalore,field,Kings XI Punjab,M Chinnaswamy Stadium,runs,19.0,139.0
Delhi Daredevils,Mumbai Indians,10,Delhi Daredevils,field,Mumbai Indians,Feroz Shah Kotla,runs,12.0,149.0
Sunrisers Hyderabad,Rising Pune Supergiant,10,Sunrisers Hyderabad,field,Rising Pune Supergiant,"Rajiv Gandhi International Stadium, Uppal",runs,146.0,213.0
Royal Challengers Bangalore,Kolkata Knight Riders,10,Kolkata Knight Riders,field,Kolkata Knight Riders,M Chinnaswamy Stadium,wickets,6.0,159.0
Kings XI Punjab,Gujarat Lions,10,Gujarat Lions,field,Gujarat Lions,"Punjab Cricket Association IS Bindra Stadium, Mohali",wickets,6.0,190.0
Sunrisers Hyderabad,Mumbai Indians,10,Mumbai Indians,bat,Sunrisers Hyderabad,"Rajiv Gandhi International Stadium, Uppal",wickets,7.0,139.0
Kings XI Punjab,Kolkata Knight Riders,10,Kolkata Knight Riders,field,Kings XI Punjab,"Punjab Cricket Association IS Bindra Stadium, Mohali",runs,14.0,168.0
Gujarat Lions,Delhi Daredevils,10,Delhi Daredevils,field,Delhi Daredevils,Green Park,wickets,2.0,196.0
Mumbai Indians,Kings XI Punjab,10,Mumbai Indians,field,Kings XI Punjab,Wankhede Stadium,runs,7.0,231.0
Delhi Daredevils,Rising Pune Supergiant,10,Delhi Daredevils,bat,Delhi Daredevils,Feroz Shah Kotla,runs,7.0,169.0
Kolkata Knight Riders,Mumbai Indians,10,Kolkata Knight Riders,field,Mumbai Indians,Eden Gardens,wickets,8.0,155.0
Gujarat Lions,Sunrisers Hyderabad,10,Sunrisers Hyderabad,field,Sunrisers Hyderabad,Green Park,runs,9.0,174.0
Delhi Daredevils,Royal Challengers Bangalore,10,Royal Challengers Bangalore,bat,Royal Challengers Bangalore,Feroz Shah Kotla,wickets,9.0,74.0
Rising Pune Supergiant,Kings XI Punjab,10,Rising Pune Supergiant,field,Rising Pune Supergiant,Maharashtra Cricket Association Stadium,runs,10.0,162.0
Mumbai Indians,Rising Pune Supergiant,10,Mumbai Indians,field,Rising Pune Supergiant,Wankhede Stadium,runs,20.0,163.0
Sunrisers Hyderabad,Kolkata Knight Riders,10,Kolkata Knight Riders,field,Kolkata Knight Riders,M Chinnaswamy Stadium,wickets,7.0,48.0
Mumbai Indians,Kolkata Knight Riders,10,Mumbai Indians,field,Mumbai Indians,M Chinnaswamy Stadium,wickets,6.0,108.0
Mumbai Indians,Rising Pune Supergiant,10,Mumbai Indians,bat,Mumbai Indians,"Rajiv Gandhi International Stadium, Uppal",runs,1.0,130.0
Mumbai Indians,Chennai Super Kings,11,Chennai Super Kings,field,Chennai Super Kings,Wankhede Stadium,wickets,1.0,166.0
Delhi Daredevils,Kings XI Punjab,11,Kings XI Punjab,field,Kings XI Punjab,Punjab Cricket Association IS Bindra Stadium,wickets,6.0,167.0
Royal Challengers Bangalore,Kolkata Knight Riders,11,Kolkata Knight Riders,field,Kolkata Knight Riders,Eden Gardens,wickets,4.0,177.0
Rajasthan Royals,Sunrisers Hyderabad,11,Sunrisers Hyderabad,field,Sunrisers Hyderabad,Rajiv Gandhi International Stadium,wickets,9.0,126.0
Kolkata Knight Riders,Chennai Super Kings,11,Chennai Super Kings,field,Chennai Super Kings,MA Chidambaram Stadium,wickets,5.0,203.0
Rajasthan Royals,Delhi Daredevils,11,Delhi Daredevils,field,Rajasthan Royals,Sawai Mansingh Stadium,runs,10.0,71.0
Mumbai Indians,Sunrisers Hyderabad,11,Sunrisers Hyderabad,field,Sunrisers Hyderabad,Rajiv Gandhi International Stadium,wickets,1.0,148.0
Kings XI Punjab,Royal Challengers Bangalore,11,Royal Challengers Bangalore,field,Royal Challengers Bangalore,M.Chinnaswamy Stadium,wickets,4.0,156.0
Mumbai Indians,Delhi Daredevils,11,Delhi Daredevils,field,Delhi Daredevils,Wankhede Stadium,wickets,7.0,195.0
Kolkata Knight Riders,Sunrisers Hyderabad,11,Sunrisers Hyderabad,field,Sunrisers Hyderabad,Eden Gardens,wickets,5.0,139.0
Rajasthan Royals,Royal Challengers Bangalore,11,Royal Challengers Bangalore,field,Rajasthan Royals,M.Chinnaswamy Stadium,runs,19.0,218.0
Kings XI Punjab,Chennai Super Kings,11,Chennai Super Kings,field,Kings XI Punjab,Punjab Cricket Association IS Bindra Stadium,runs,4.0,198.0
Kolkata Knight Riders,Delhi Daredevils,11,Delhi Daredevils,field,Kolkata Knight Riders,Eden Gardens,runs,71.0,201.0
Mumbai Indians,Royal Challengers Bangalore,11,Royal Challengers Bangalore,field,Mumbai Indians,Wankhede Stadium,runs,46.0,214.0
Rajasthan Royals,Kolkata Knight Riders,11,Kolkata Knight Riders,field,Kolkata Knight Riders,Sawai Mansingh Stadium,wickets,7.0,161.0
Kings XI Punjab,Sunrisers Hyderabad,11,Kings XI Punjab,bat,Kings XI Punjab,Punjab Cricket Association IS Bindra Stadium,runs,15.0,194.0
Chennai Super Kings,Rajasthan Royals,11,Rajasthan Royals,field,Chennai Super Kings,Maharashtra Cricket Association Stadium,runs,64.0,205.0
Delhi Daredevils,Royal Challengers Bangalore,11,Royal Challengers Bangalore,field,Royal Challengers Bangalore,M.Chinnaswamy Stadium,wickets,9.0,125.0
Kolkata Knight Riders,Kings XI Punjab,11,Kings XI Punjab,field,Kings XI Punjab,Eden Gardens,wickets,6.0,175.0
Mumbai Indians,Rajasthan Royals,11,Mumbai Indians,bat,Rajasthan Royals,Sawai Mansingh Stadium,runs,4.0,183.0
Chennai Super Kings,Sunrisers Hyderabad,11,Sunrisers Hyderabad,field,Chennai Super Kings,Rajiv Gandhi International Stadium,wickets,3.0,168.0
Kings XI Punjab,Delhi Daredevils,11,Delhi Daredevils,field,Kings XI Punjab,Arun Jaitley Stadium,runs,4.0,144.0
Sunrisers Hyderabad,Mumbai Indians,11,Mumbai Indians,field,Sunrisers Hyderabad,Wankhede Stadium,runs,31.0,119.0
Royal Challengers Bangalore,Chennai Super Kings,11,Chennai Super Kings,field,Chennai Super Kings,M.Chinnaswamy Stadium,wickets,5.0,206.0
Sunrisers Hyderabad,Kings XI Punjab,11,Kings XI Punjab,field,Sunrisers Hyderabad,Rajiv Gandhi International Stadium,runs,13.0,133.0
Delhi Daredevils,Kolkata Knight Riders,11,Kolkata Knight Riders,field,Delhi Daredevils,Arun Jaitley Stadium,runs,55.0,220.0
Chennai Super Kings,Mumbai Indians,11,Mumbai Indians,field,Mumbai Indians,Maharashtra Cricket Association Stadium,wickets,8.0,170.0
Sunrisers Hyderabad,Rajasthan Royals,11,Sunrisers Hyderabad,bat,Sunrisers Hyderabad,Sawai Mansingh Stadium,runs,11.0,152.0
Royal Challengers Bangalore,Kolkata Knight Riders,11,Kolkata Knight Riders,field,Kolkata Knight Riders,M.Chinnaswamy Stadium,wickets,6.0,176.0
Chennai Super Kings,Delhi Daredevils,11,Delhi Daredevils,field,Chennai Super Kings,Maharashtra Cricket Association Stadium,runs,13.0,212.0
Royal Challengers Bangalore,Mumbai Indians,11,Mumbai Indians,field,Royal Challengers Bangalore,M.Chinnaswamy Stadium,runs,14.0,168.0
Delhi Daredevils,Rajasthan Royals,11,Rajasthan Royals,field,Delhi Daredevils,Arun Jaitley Stadium,runs,4.0,151.0
Chennai Super Kings,Kolkata Knight Riders,11,Kolkata Knight Riders,field,Kolkata Knight Riders,Eden Gardens,wickets,6.0,178.0
Kings XI Punjab,Mumbai Indians,11,Mumbai Indians,field,Mumbai Indians,Holkar Cricket Stadium,wickets,6.0,175.0
Royal Challengers Bangalore,Chennai Super Kings,11,Chennai Super Kings,field,Chennai Super Kings,Maharashtra Cricket Association Stadium,wickets,6.0,128.0
Delhi Daredevils,Sunrisers Hyderabad,11,Delhi Daredevils,bat,Sunrisers Hyderabad,Rajiv Gandhi International Stadium,wickets,7.0,164.0
Rajasthan Royals,Kings XI Punjab,11,Kings XI Punjab,field,Kings XI Punjab,Holkar Cricket Stadium,runs,13.0,182.0
Mumbai Indians,Kolkata Knight Riders,11,Kolkata Knight Riders,field,Mumbai Indians,Wankhede Stadium,wickets,6.0,153.0
Sunrisers Hyderabad,Royal Challengers Bangalore,11,Royal Challengers Bangalore,field,Sunrisers Hyderabad,Rajiv Gandhi International Stadium,runs,5.0,147.0
Rajasthan Royals,Kings XI Punjab,11,Rajasthan Royals,bat,Rajasthan Royals,Sawai Mansingh Stadium,runs,15.0,159.0
Mumbai Indians,Kolkata Knight Riders,11,Kolkata Knight Riders,field,Mumbai Indians,Eden Gardens,runs,102.0,211.0
Delhi Daredevils,Sunrisers Hyderabad,11,Delhi Daredevils,bat,Sunrisers Hyderabad,Arun Jaitley Stadium,wickets,9.0,188.0
Chennai Super Kings,Rajasthan Royals,11,Chennai Super Kings,bat,Rajasthan Royals,Sawai Mansingh Stadium,wickets,4.0,177.0
Delhi Daredevils,Royal Challengers Bangalore,11,Royal Challengers Bangalore,field,Royal Challengers Bangalore,Arun Jaitley Stadium,runs,31.0,246.0
Kolkata Knight Riders,Kings XI Punjab,11,Kings XI Punjab,field,Kolkata Knight Riders,Holkar Cricket Stadium,wickets,5.0,182.0
Mumbai Indians,Rajasthan Royals,11,Rajasthan Royals,field,Rajasthan Royals,Wankhede Stadium,wickets,8.0,180.0
Sunrisers Hyderabad,Chennai Super Kings,11,Chennai Super Kings,field,Chennai Super Kings,Maharashtra Cricket Association Stadium,wickets,7.0,169.0
Kings XI Punjab,Royal Challengers Bangalore,11,Royal Challengers Bangalore,field,Royal Challengers Bangalore,Holkar Cricket Stadium,wickets,10.0,89.0
Rajasthan Royals,Kolkata Knight Riders,11,Kolkata Knight Riders,field,Kolkata Knight Riders,Eden Gardens,wickets,6.0,143.0
Mumbai Indians,Kings XI Punjab,11,Kings XI Punjab,field,Mumbai Indians,Wankhede Stadium,runs,3.0,187.0
Royal Challengers Bangalore,Sunrisers Hyderabad,11,Sunrisers Hyderabad,field,Royal Challengers Bangalore,M.Chinnaswamy Stadium,runs,14.0,219.0
Delhi Daredevils,Chennai Super Kings,11,Chennai Super Kings,field,Delhi Daredevils,Arun Jaitley Stadium,runs,34.0,163.0
Rajasthan Royals,Royal Challengers Bangalore,11,Rajasthan Royals,bat,Rajasthan Royals,Sawai Mansingh Stadium,runs,30.0,165.0
Sunrisers Hyderabad,Kolkata Knight Riders,11,Sunrisers Hyderabad,bat,Kolkata Knight Riders,Rajiv Gandhi International Stadium,wickets,5.0,173.0
Kings XI Punjab,Chennai Super Kings,11,Chennai Super Kings,field,Chennai Super Kings,Maharashtra Cricket Association Stadium,runs,11.0,175.0
Delhi Daredevils,Mumbai Indians,11,Delhi Daredevils,bat,Delhi Daredevils,Arun Jaitley Stadium,wickets,5.0,154.0
Sunrisers Hyderabad,Chennai Super Kings,11,Chennai Super Kings,field,Chennai Super Kings,Wankhede Stadium,wickets,2.0,140.0
Kolkata Knight Riders,Rajasthan Royals,11,Rajasthan Royals,field,Kolkata Knight Riders,Eden Gardens,runs,25.0,170.0
Sunrisers Hyderabad,Kolkata Knight Riders,11,Kolkata Knight Riders,field,Sunrisers Hyderabad,Eden Gardens,runs,14.0,175.0
Sunrisers Hyderabad,Chennai Super Kings,11,Chennai Super Kings,field,Chennai Super Kings,Wankhede Stadium,wickets,8.0,179.0
